{"nm":"Sin-Producto","mn":"","layers":[{"ty":3,"nm":"NULL CONTROL","mn":"","sr":1,"st":0,"op":421,"ip":0,"hd":false,"cl":"","ln":"","ddd":0,"bm":0,"hasMask":false,"ao":0,"ks":{"a":{"a":0,"k":[60,60,0],"ix":1},"s":{"a":0,"k":[100,100,100],"ix":6},"sk":{"a":0,"k":0},"p":{"a":1,"k":[{"o":{"x":0.4,"y":0},"i":{"x":0.2,"y":1},"s":[322.159,408.355,0],"t":0,"ti":[0,11.667,0],"to":[0,-11.667,0]},{"o":{"x":0.167,"y":0.167},"i":{"x":0.833,"y":0.833},"s":[322.159,338.355,0],"t":30}],"ix":2},"r":{"a":0,"k":0,"ix":10},"sa":{"a":0,"k":0},"o":{"a":0,"k":0,"ix":11}},"ef":[],"ind":1},{"ty":4,"nm":"Torso Outlines","mn":"","sr":1,"st":0,"op":421,"ip":0,"hd":false,"cl":"","ln":"","ddd":0,"bm":0,"hasMask":true,"ao":0,"ks":{"a":{"a":0,"k":[78.442,201.362,0],"ix":1},"s":{"a":0,"k":[100,100,100],"ix":6},"sk":{"a":0,"k":0},"p":{"a":0,"k":[60,60,0],"ix":2},"r":{"a":0,"k":0,"ix":10},"sa":{"a":0,"k":0},"o":{"a":0,"k":100,"ix":11}},"ef":[],"masksProperties":[{"nm":"Mask 1","mn":"","inv":false,"mode":"a","x":{"a":0,"k":0,"ix":4},"o":{"a":0,"k":100,"ix":3},"pt":{"a":1,"k":[{"o":{"x":0.4,"y":0},"i":{"x":0.2,"y":1},"s":[{"c":true,"i":[[0,0],[0,0],[0,-1.75],[-28.25,-1.75],[0,0]],"o":[[0,0],[0,0],[16.5,6.75],[32.405,2.007],[0,0]],"v":[[176.248,120.266],[-9.217,120.266],[-10.748,312.508],[83.002,329.508],[174.721,331.258]]}],"t":0},{"o":{"x":0.167,"y":0.167},"i":{"x":0.833,"y":0.833},"s":[{"c":true,"i":[[0,0],[0,0],[0,-1.75],[-28.25,-1.75],[0,0]],"o":[[0,0],[0,0],[16.5,6.75],[32.405,2.007],[0,0]],"v":[[176.248,120.266],[-9.217,120.266],[-10.717,383.008],[83.034,400.008],[174.752,401.758]]}],"t":30}],"ix":1}}],"shapes":[{"ty":"gr","bm":0,"cl":"","ln":"","hd":false,"mn":"ADBE Vector Group","nm":"Group 1","ix":1,"cix":2,"np":2,"it":[{"ty":"sh","bm":0,"cl":"","ln":"","hd":false,"mn":"ADBE Vector Shape - Group","nm":"Path 1","ix":1,"d":1,"ks":{"a":0,"k":{"c":true,"i":[[0.289,1.967],[0,0],[1.929,-0.297],[-0.289,-1.967],[0,0],[-1.754,0],[-0.176,0.027]],"o":[[0,0],[-0.289,-1.965],[-1.969,0.291],[0,0],[0.266,1.787],[0.175,0],[1.969,-0.291]],"v":[[4.264,4.319],[2.862,-5.12],[-1.228,-8.151],[-4.263,-4.062],[-2.861,5.378],[0.698,8.448],[1.229,8.409]]},"ix":2}},{"ty":"fl","bm":0,"cl":"","ln":"","hd":false,"mn":"ADBE Vector Graphic - Fill","nm":"Fill 1","c":{"a":0,"k":[0,0,0],"ix":4},"r":1,"o":{"a":0,"k":100,"ix":5}},{"ty":"tr","a":{"a":0,"k":[0,0],"ix":1},"s":{"a":0,"k":[100,100],"ix":3},"sk":{"a":0,"k":0,"ix":4},"p":{"a":0,"k":[13.751,301.414],"ix":2},"r":{"a":0,"k":0,"ix":6},"sa":{"a":0,"k":0,"ix":5},"o":{"a":0,"k":100,"ix":7}}]},{"ty":"gr","bm":0,"cl":"","ln":"","hd":false,"mn":"ADBE Vector Group","nm":"Group 2","ix":2,"cix":2,"np":2,"it":[{"ty":"sh","bm":0,"cl":"","ln":"","hd":false,"mn":"ADBE Vector Shape - Group","nm":"Path 1","ix":1,"d":1,"ks":{"a":1,"k":[{"o":{"x":0.4,"y":0},"i":{"x":0.25,"y":1},"s":[{"c":false,"i":[[0,0],[0,0],[-1.955,0.358],[0.358,1.956],[0,0],[0,0]],"o":[[0,0],[0.358,1.956],[1.956,-0.357],[0,0],[0,0],[0,0]],"v":[[-7.113,-13.542],[-0.327,23.586],[3.861,26.48],[6.755,22.291],[-2.225,-26.838],[-6.95,-22.965]]}],"t":7},{"o":{"x":0.51,"y":0},"i":{"x":0.47,"y":1},"s":[{"c":false,"i":[[0,0],[0,0],[-1.955,0.358],[0.358,1.956],[0,0],[0,0]],"o":[[0,0],[0.358,1.956],[1.956,-0.357],[0,0],[0,0],[0,0]],"v":[[-10.363,-32.167],[-0.327,23.586],[3.861,26.48],[6.755,22.291],[-5.475,-45.463],[-10.2,-41.59]]}],"t":46},{"o":{"x":0.167,"y":0.167},"i":{"x":0.833,"y":0.833},"s":[{"c":false,"i":[[0,0],[0,0],[-1.955,0.358],[0.358,1.956],[0,0],[0,0]],"o":[[0,0],[0.358,1.956],[1.956,-0.357],[0,0],[0,0],[0,0]],"v":[[-7.113,-13.542],[-0.327,23.586],[3.861,26.48],[6.755,22.291],[-2.225,-26.838],[-6.95,-22.965]]}],"t":96}],"ix":2}},{"ty":"fl","bm":0,"cl":"","ln":"","hd":false,"mn":"ADBE Vector Graphic - Fill","nm":"Fill 1","c":{"a":0,"k":[0,0,0],"ix":4},"r":1,"o":{"a":0,"k":100,"ix":5}},{"ty":"tr","a":{"a":0,"k":[0,0],"ix":1},"s":{"a":0,"k":[100,100],"ix":3},"sk":{"a":0,"k":0,"ix":4},"p":{"a":0,"k":[7.363,260.697],"ix":2},"r":{"a":0,"k":0,"ix":6},"sa":{"a":0,"k":0,"ix":5},"o":{"a":0,"k":100,"ix":7}}]},{"ty":"gr","bm":0,"cl":"","ln":"","hd":false,"mn":"ADBE Vector Group","nm":"Group 3","ix":3,"cix":2,"np":2,"it":[{"ty":"sh","bm":0,"cl":"","ln":"","hd":false,"mn":"ADBE Vector Shape - Group","nm":"Path 1","ix":1,"d":1,"ks":{"a":0,"k":{"c":true,"i":[[1.875,-0.318],[-0.328,-1.861],[0,0],[0,0],[-2.279,-0.451],[0,0],[0,0]],"o":[[-1.863,0.328],[0,0],[0,0],[2.226,0.499],[0,0],[0,0],[-0.324,-1.859]],"v":[[-1.818,-28.212],[-4.595,-24.251],[-1.96,-9.23],[-4.638,27.101],[2.113,28.53],[4.923,-9.573],[2.138,-25.435]]},"ix":2}},{"ty":"fl","bm":0,"cl":"","ln":"","hd":false,"mn":"ADBE Vector Graphic - Fill","nm":"Fill 1","c":{"a":0,"k":[0,0,0],"ix":4},"r":1,"o":{"a":0,"k":100,"ix":5}},{"ty":"tr","a":{"a":0,"k":[0,0],"ix":1},"s":{"a":0,"k":[100,100],"ix":3},"sk":{"a":0,"k":0,"ix":4},"p":{"a":0,"k":[21.063,362.832],"ix":2},"r":{"a":0,"k":0,"ix":6},"sa":{"a":0,"k":0,"ix":5},"o":{"a":0,"k":100,"ix":7}}]},{"ty":"gr","bm":0,"cl":"","ln":"","hd":false,"mn":"ADBE Vector Group","nm":"Group 4","ix":4,"cix":2,"np":2,"it":[{"ty":"sh","bm":0,"cl":"","ln":"","hd":false,"mn":"ADBE Vector Shape - Group","nm":"Path 1","ix":1,"d":1,"ks":{"a":0,"k":{"c":true,"i":[[-0.864,-0.722],[-2.015,-1.624],[9.327,5.506],[-3.526,-3.559],[3.242,1.983],[-1.294,-1.628],[-0.504,-0.635],[-0.015,-0.018],[0.023,0.019],[0.526,0.403],[4.73,1.654],[0.729,0.212],[-3.647,-3.216],[-0.412,-0.373],[-3.758,-4.595],[2.131,4.061],[-0.865,-0.584]],"o":[[2.26,1.887],[-4.664,-9.636],[3.512,3.549],[-3.256,-1.99],[1.297,1.627],[0.504,0.634],[0.016,0.018],[-0.024,-0.019],[-0.506,-0.426],[-3.935,-3.025],[-0.706,-0.256],[4.017,2.763],[0.417,0.367],[4.418,4.005],[-1.523,-4.311],[0.887,0.391],[0.892,0.603]],"v":[[9.342,3.816],[15.777,9.464],[-5.154,-12.731],[5.402,-2.071],[-4.34,-8.044],[-0.457,-3.16],[1.053,-1.257],[1.099,-1.202],[1.026,-1.257],[-0.551,-2.467],[-13.629,-9.583],[-15.777,-10.283],[-4.309,-1.257],[-3.042,-0.173],[9.267,12.731],[4.081,0.316],[6.707,1.816]]},"ix":2}},{"ty":"fl","bm":0,"cl":"","ln":"","hd":false,"mn":"ADBE Vector Graphic - Fill","nm":"Fill 1","c":{"a":0,"k":[0.4314,0.3608,0.2392],"ix":4},"r":1,"o":{"a":0,"k":100,"ix":5}},{"ty":"tr","a":{"a":0,"k":[0,0],"ix":1},"s":{"a":0,"k":[100,100],"ix":3},"sk":{"a":0,"k":0,"ix":4},"p":{"a":0,"k":[94.779,26.002],"ix":2},"r":{"a":0,"k":0,"ix":6},"sa":{"a":0,"k":0,"ix":5},"o":{"a":0,"k":100,"ix":7}}]},{"ty":"gr","bm":0,"cl":"","ln":"","hd":false,"mn":"ADBE Vector Group","nm":"Group 5","ix":5,"cix":2,"np":2,"it":[{"ty":"sh","bm":0,"cl":"","ln":"","hd":false,"mn":"ADBE Vector Shape - Group","nm":"Path 1","ix":1,"d":1,"ks":{"a":1,"k":[{"o":{"x":0.4,"y":0},"i":{"x":0.25,"y":1},"s":[{"c":false,"i":[[0,0],[0,0],[0,0],[-0.602,-0.735],[0,0],[-2.283,0.043],[0,0],[0,0],[0,0]],"o":[[0,0],[0,0],[-0.124,1.015],[0,0],[2.373,-0.008],[0,0],[0,0],[0,0],[0,0]],"v":[[9.128,-80.469],[4.129,-84.291],[-9.629,28.342],[-8.828,31.051],[1.146,84.291],[8.086,84.197],[-2.286,28.828],[-2.436,28.837],[9.753,-70.939]]}],"t":7},{"o":{"x":0.51,"y":0},"i":{"x":0.47,"y":1},"s":[{"c":false,"i":[[0,0],[0,0],[0,0],[-0.602,-0.735],[0,0],[-2.283,0.043],[0,0],[0,0],[0,0]],"o":[[0,0],[0,0],[-0.124,1.015],[0,0],[2.373,-0.008],[0,0],[0,0],[0,0],[0,0]],"v":[[10.128,-96.219],[5.129,-100.041],[-9.629,28.421],[-8.828,31.13],[1.146,84.37],[8.086,84.276],[-2.286,28.907],[-2.436,28.916],[10.753,-86.689]]}],"t":46},{"o":{"x":0.167,"y":0.167},"i":{"x":0.833,"y":0.833},"s":[{"c":false,"i":[[0,0],[0,0],[0,0],[-0.602,-0.735],[0,0],[-2.283,0.043],[0,0],[0,0],[0,0]],"o":[[0,0],[0,0],[-0.124,1.015],[0,0],[2.373,-0.008],[0,0],[0,0],[0,0],[0,0]],"v":[[9.128,-80.469],[4.129,-84.291],[-9.629,28.342],[-8.828,31.051],[1.146,84.291],[8.086,84.197],[-2.286,28.828],[-2.436,28.837],[9.753,-70.939]]}],"t":96}],"ix":2}},{"ty":"fl","bm":0,"cl":"","ln":"","hd":false,"mn":"ADBE Vector Graphic - Fill","nm":"Fill 1","c":{"a":0,"k":[0,0,0],"ix":4},"r":1,"o":{"a":0,"k":100,"ix":5}},{"ty":"tr","a":{"a":0,"k":[0,0],"ix":1},"s":{"a":0,"k":[100,100],"ix":3},"sk":{"a":0,"k":0,"ix":4},"p":{"a":0,"k":[146.882,318.125],"ix":2},"r":{"a":0,"k":0,"ix":6},"sa":{"a":0,"k":0,"ix":5},"o":{"a":0,"k":100,"ix":7}}]},{"ty":"gr","bm":0,"cl":"","ln":"","hd":false,"mn":"ADBE Vector Group","nm":"Group 6","ix":6,"cix":2,"np":2,"it":[{"ty":"sh","bm":0,"cl":"","ln":"","hd":false,"mn":"ADBE Vector Shape - Group","nm":"Path 1","ix":1,"d":1,"ks":{"a":1,"k":[{"o":{"x":0.4,"y":0},"i":{"x":0.25,"y":1},"s":[{"c":false,"i":[[0,0],[0,0],[0,0],[0,0],[0,0],[0.003,1.074],[0.457,3.405],[0,9.214],[20.632,0],[19.887,-9.455],[-1.885,-10.232],[0,0],[-1.293,-5.218],[-3.198,-2.915],[0,0],[0,0],[0,0],[-7.707,-0.056],[0,0],[0,0],[0,0],[0,0],[-1.281,0.976],[-0.189,0.238],[1.554,1.24],[0,0],[0,0],[0.205,0.46],[0,0],[0.393,0.344],[0.345,1.389],[-1.672,0],[-0.201,-0.034],[-0.131,2.129],[0,0],[-6.789,-2.954],[-10.354,-0.65],[-3.219,-0.013],[-0.568,0.003],[0,0],[0,0],[0,0],[-0.055,-4.096],[0,0],[2.559,-5.447],[0,0],[0,0],[0,0],[0.248,-1.659],[0,-0.181],[0,0],[0,0],[-1.989,0],[0,1.988],[0,0],[0,0],[0,0],[-0.198,0.176],[0,0],[0,0],[0,0],[0,0]],"o":[[0,0],[0,0],[0,0],[0,0],[0.826,-0.686],[-0.014,-5.044],[1.488,-6.057],[0,-16.904],[-20.633,0],[-13.258,6.303],[0,0],[-1.995,3.983],[0.718,2.897],[0,0],[0,0],[0,0],[0,0],[0,0],[0,0],[0,0],[0,0],[1.317,1.05],[0.232,-0.176],[1.24,-1.554],[0,0],[0,0],[0,-0.504],[0,0],[-0.212,-0.477],[-2.543,-2.224],[-1.403,-5.663],[0.225,0],[2.106,0.347],[0,0],[6.534,-11.797],[6.421,2.795],[2.909,0.181],[0.56,0.003],[0,0],[0,0],[0,0],[0.576,5.496],[0,0],[-1.4,8.875],[0,0],[0,0],[0,0],[-1.708,0.104],[-0.026,0.173],[0,0],[0,0],[0,1.988],[1.988,0],[0,0],[0,0],[0,0],[0.222,-0.125],[0,0],[0,0],[0,0],[0,0],[0,0]],"v":[[72.895,52.677],[31.69,41.388],[31.69,-1.695],[33.08,-6.582],[41.721,-13.767],[43.02,-16.546],[42.33,-29.117],[44.603,-51.935],[18.286,-86.582],[-26.348,-82.195],[-43.408,-57.393],[-43.324,-30.533],[-44.513,-15.767],[-38.594,-7.117],[-29.701,12.872],[-29.701,42.553],[-69.997,52.629],[-66,59.051],[-29.701,49.975],[-24.607,48.702],[-22.501,50.382],[-17.832,54.104],[-13.443,54.096],[-12.773,53.534],[-13.343,48.475],[-22.501,41.172],[-22.501,12.108],[-22.812,10.645],[-32.331,-10.75],[-33.249,-11.996],[-37.525,-17.5],[-35.419,-28.832],[-34.779,-28.78],[-30.6,-32.112],[-29.86,-44.103],[-9.875,-57.393],[15.291,-52.228],[24.512,-51.953],[26.17,-51.935],[29.249,-46.487],[31.977,-41.655],[34.522,-37.15],[35.807,-18.214],[31.772,-14.859],[24.49,7.805],[24.49,45.259],[3.549,63.935],[2.784,64.617],[-0.507,67.667],[-0.607,68.176],[-0.607,76.105],[-0.607,88.051],[2.993,91.651],[6.593,88.051],[6.593,80.624],[6.593,72.122],[6.593,70.664],[7.252,70.28],[24.49,54.906],[31.374,48.767],[31.69,48.854],[73.707,63.108]]}],"t":7},{"o":{"x":0.51,"y":0},"i":{"x":0.47,"y":1},"s":[{"c":false,"i":[[0,0],[0,0],[0,0],[0,0],[0,0],[0.003,1.074],[0.457,3.405],[0,9.214],[20.632,0],[19.887,-9.455],[-1.885,-10.232],[0,0],[-1.293,-5.218],[-3.198,-2.915],[0,0],[0,0],[0,0],[-7.707,-0.056],[0,0],[0,0],[0,0],[0,0],[-1.281,0.976],[-0.189,0.238],[1.554,1.24],[0,0],[0,0],[0.205,0.46],[0,0],[0.393,0.344],[0.345,1.389],[-1.672,0],[-0.201,-0.034],[-0.131,2.129],[0,0],[-6.789,-2.954],[-10.354,-0.65],[-3.219,-0.013],[-0.568,0.003],[0,0],[0,0],[0,0],[-0.055,-4.096],[0,0],[2.559,-5.447],[0,0],[0,0],[0,0],[0.248,-1.659],[0,-0.181],[0,0],[0,0],[-1.989,0],[0,1.988],[0,0],[0,0],[0,0],[-0.198,0.176],[0,0],[0,0],[0,0],[0,0]],"o":[[0,0],[0,0],[0,0],[0,0],[0.826,-0.686],[-0.014,-5.044],[1.488,-6.057],[0,-16.904],[-20.633,0],[-13.258,6.303],[0,0],[-1.995,3.983],[0.718,2.897],[0,0],[0,0],[0,0],[0,0],[0,0],[0,0],[0,0],[0,0],[1.317,1.05],[0.232,-0.176],[1.24,-1.554],[0,0],[0,0],[0,-0.504],[0,0],[-0.212,-0.477],[-2.543,-2.224],[-1.403,-5.663],[0.225,0],[2.106,0.347],[0,0],[6.534,-11.797],[6.421,2.795],[2.909,0.181],[0.56,0.003],[0,0],[0,0],[0,0],[0.576,5.496],[0,0],[-1.4,8.875],[0,0],[0,0],[0,0],[-1.708,0.104],[-0.026,0.173],[0,0],[0,0],[0,1.988],[1.988,0],[0,0],[0,0],[0,0],[0.222,-0.125],[0,0],[0,0],[0,0],[0,0],[0,0]],"v":[[72.899,41.177],[31.694,29.888],[31.69,-1.695],[33.08,-6.582],[41.721,-13.767],[43.02,-16.546],[42.33,-29.117],[44.603,-51.935],[18.286,-86.582],[-26.348,-82.195],[-43.408,-57.393],[-43.324,-30.533],[-44.513,-15.767],[-38.594,-7.117],[-29.701,12.872],[-29.777,31.179],[-70.073,41.254],[-66.076,47.676],[-29.777,38.6],[-25.495,37.577],[-24.452,39.444],[-17.832,54.104],[-13.443,54.096],[-12.773,53.534],[-13.343,48.475],[-22.577,29.797],[-22.501,12.108],[-22.812,10.645],[-32.331,-10.75],[-33.249,-11.996],[-37.525,-17.5],[-35.419,-28.832],[-34.779,-28.78],[-30.6,-32.112],[-29.86,-44.103],[-9.875,-57.393],[15.291,-52.228],[24.512,-51.953],[26.17,-51.935],[29.249,-46.487],[31.977,-41.655],[34.522,-37.15],[35.807,-18.214],[31.772,-14.859],[24.49,7.805],[24.494,33.759],[3.549,63.935],[2.784,64.617],[-0.507,67.667],[-0.607,68.176],[-0.607,76.105],[-0.607,88.051],[2.993,91.651],[6.593,88.051],[6.593,80.624],[6.593,72.122],[6.593,70.664],[7.252,70.28],[24.494,43.406],[31.378,37.267],[31.694,37.354],[73.711,51.608]]}],"t":46},{"o":{"x":0.167,"y":0.167},"i":{"x":0.833,"y":0.833},"s":[{"c":false,"i":[[0,0],[0,0],[0,0],[0,0],[0,0],[0.003,1.074],[0.457,3.405],[0,9.214],[20.632,0],[19.887,-9.455],[-1.885,-10.232],[0,0],[-1.293,-5.218],[-3.198,-2.915],[0,0],[0,0],[0,0],[-7.707,-0.056],[0,0],[0,0],[0,0],[0,0],[-1.281,0.976],[-0.189,0.238],[1.554,1.24],[0,0],[0,0],[0.205,0.46],[0,0],[0.393,0.344],[0.345,1.389],[-1.672,0],[-0.201,-0.034],[-0.131,2.129],[0,0],[-6.789,-2.954],[-10.354,-0.65],[-3.219,-0.013],[-0.568,0.003],[0,0],[0,0],[0,0],[-0.055,-4.096],[0,0],[2.559,-5.447],[0,0],[0,0],[0,0],[0.248,-1.659],[0,-0.181],[0,0],[0,0],[-1.989,0],[0,1.988],[0,0],[0,0],[0,0],[-0.198,0.176],[0,0],[0,0],[0,0],[0,0]],"o":[[0,0],[0,0],[0,0],[0,0],[0.826,-0.686],[-0.014,-5.044],[1.488,-6.057],[0,-16.904],[-20.633,0],[-13.258,6.303],[0,0],[-1.995,3.983],[0.718,2.897],[0,0],[0,0],[0,0],[0,0],[0,0],[0,0],[0,0],[0,0],[1.317,1.05],[0.232,-0.176],[1.24,-1.554],[0,0],[0,0],[0,-0.504],[0,0],[-0.212,-0.477],[-2.543,-2.224],[-1.403,-5.663],[0.225,0],[2.106,0.347],[0,0],[6.534,-11.797],[6.421,2.795],[2.909,0.181],[0.56,0.003],[0,0],[0,0],[0,0],[0.576,5.496],[0,0],[-1.4,8.875],[0,0],[0,0],[0,0],[-1.708,0.104],[-0.026,0.173],[0,0],[0,0],[0,1.988],[1.988,0],[0,0],[0,0],[0,0],[0.222,-0.125],[0,0],[0,0],[0,0],[0,0],[0,0]],"v":[[72.895,52.677],[31.69,41.388],[31.69,-1.695],[33.08,-6.582],[41.721,-13.767],[43.02,-16.546],[42.33,-29.117],[44.603,-51.935],[18.286,-86.582],[-26.348,-82.195],[-43.408,-57.393],[-43.324,-30.533],[-44.513,-15.767],[-38.594,-7.117],[-29.701,12.872],[-29.701,42.553],[-69.997,52.629],[-66,59.051],[-29.701,49.975],[-24.607,48.702],[-22.501,50.382],[-17.832,54.104],[-13.443,54.096],[-12.773,53.534],[-13.343,48.475],[-22.501,41.172],[-22.501,12.108],[-22.812,10.645],[-32.331,-10.75],[-33.249,-11.996],[-37.525,-17.5],[-35.419,-28.832],[-34.779,-28.78],[-30.6,-32.112],[-29.86,-44.103],[-9.875,-57.393],[15.291,-52.228],[24.512,-51.953],[26.17,-51.935],[29.249,-46.487],[31.977,-41.655],[34.522,-37.15],[35.807,-18.214],[31.772,-14.859],[24.49,7.805],[24.49,45.259],[3.549,63.935],[2.784,64.617],[-0.507,67.667],[-0.607,68.176],[-0.607,76.105],[-0.607,88.051],[2.993,91.651],[6.593,88.051],[6.593,80.624],[6.593,72.122],[6.593,70.664],[7.252,70.28],[24.49,54.906],[31.374,48.767],[31.69,48.854],[73.707,63.108]]}],"t":96}],"ix":2}},{"ty":"fl","bm":0,"cl":"","ln":"","hd":false,"mn":"ADBE Vector Graphic - Fill","nm":"Fill 1","c":{"a":0,"k":[0,0,0],"ix":4},"r":1,"o":{"a":0,"k":100,"ix":5}},{"ty":"tr","a":{"a":0,"k":[0,0],"ix":1},"s":{"a":0,"k":[100,100],"ix":3},"sk":{"a":0,"k":0,"ix":4},"p":{"a":0,"k":[78.576,91.901],"ix":2},"r":{"a":0,"k":0,"ix":6},"sa":{"a":0,"k":0,"ix":5},"o":{"a":0,"k":100,"ix":7}}]},{"ty":"gr","bm":0,"cl":"","ln":"","hd":false,"mn":"ADBE Vector Group","nm":"Group 7","ix":7,"cix":2,"np":2,"it":[{"ty":"sh","bm":0,"cl":"","ln":"","hd":false,"mn":"ADBE Vector Shape - Group","nm":"Path 1","ix":1,"d":1,"ks":{"a":0,"k":{"c":true,"i":[[0,0],[0,0],[0,0],[0,0],[-7.08,-0.914],[-27.887,0.054],[0,0]],"o":[[0,0],[0,0],[0,0],[6.621,1.337],[42.625,5.507],[0,0],[0,0]],"v":[[52.593,-29.643],[-8.343,-20.749],[-62.43,-12.856],[-65.07,18.32],[-44.605,21.78],[65.07,29.597],[52.654,-29.651]]},"ix":2}},{"ty":"fl","bm":0,"cl":"","ln":"","hd":false,"mn":"ADBE Vector Graphic - Fill","nm":"Fill 1","c":{"a":0,"k":[0.4314,0.3608,0.2392],"ix":4},"r":1,"o":{"a":0,"k":100,"ix":5}},{"ty":"tr","a":{"a":0,"k":[0,0],"ix":1},"s":{"a":0,"k":[100,100],"ix":3},"sk":{"a":0,"k":0,"ix":4},"p":{"a":0,"k":[87.214,372.823],"ix":2},"r":{"a":0,"k":0,"ix":6},"sa":{"a":0,"k":0,"ix":5},"o":{"a":0,"k":100,"ix":7}}]},{"ty":"gr","bm":0,"cl":"","ln":"","hd":false,"mn":"ADBE Vector Group","nm":"Group 8","ix":8,"cix":2,"np":2,"it":[{"ty":"sh","bm":0,"cl":"","ln":"","hd":false,"mn":"ADBE Vector Shape - Group","nm":"Path 1","ix":1,"d":1,"ks":{"a":0,"k":{"c":true,"i":[[-0.864,-0.722],[-2.015,-1.624],[9.327,5.506],[-3.526,-3.559],[3.242,1.983],[-1.294,-1.628],[-0.504,-0.635],[-0.015,-0.018],[0.023,0.019],[0.526,0.403],[4.73,1.654],[0.729,0.212],[-3.647,-3.216],[-0.412,-0.373],[-3.758,-4.595],[2.131,4.061],[-0.865,-0.584]],"o":[[2.26,1.887],[-4.664,-9.636],[3.512,3.549],[-3.256,-1.99],[1.297,1.627],[0.504,0.634],[0.016,0.018],[-0.024,-0.019],[-0.506,-0.426],[-3.935,-3.025],[-0.706,-0.256],[4.017,2.763],[0.417,0.367],[4.418,4.005],[-1.523,-4.311],[0.887,0.391],[0.892,0.603]],"v":[[9.342,3.816],[15.777,9.464],[-5.154,-12.731],[5.402,-2.071],[-4.34,-8.044],[-0.457,-3.16],[1.053,-1.257],[1.099,-1.202],[1.026,-1.257],[-0.551,-2.467],[-13.629,-9.583],[-15.777,-10.283],[-4.309,-1.257],[-3.042,-0.173],[9.267,12.731],[4.081,0.316],[6.707,1.816]]},"ix":2}},{"ty":"fl","bm":0,"cl":"","ln":"","hd":false,"mn":"ADBE Vector Graphic - Fill","nm":"Fill 1","c":{"a":0,"k":[0,0,0],"ix":4},"r":1,"o":{"a":0,"k":100,"ix":5}},{"ty":"tr","a":{"a":0,"k":[0,0],"ix":1},"s":{"a":0,"k":[100,100],"ix":3},"sk":{"a":0,"k":0,"ix":4},"p":{"a":0,"k":[94.779,26.002],"ix":2},"r":{"a":0,"k":0,"ix":6},"sa":{"a":0,"k":0,"ix":5},"o":{"a":0,"k":100,"ix":7}}]},{"ty":"gr","bm":0,"cl":"","ln":"","hd":false,"mn":"ADBE Vector Group","nm":"Group 9","ix":9,"cix":2,"np":2,"it":[{"ty":"sh","bm":0,"cl":"","ln":"","hd":false,"mn":"ADBE Vector Shape - Group","nm":"Path 1","ix":1,"d":1,"ks":{"a":0,"k":{"c":true,"i":[[-0.132,0.329],[0,0]],"o":[[0,0],[0.067,0.268]],"v":[[0.151,-0.165],[-0.151,-0.165]]},"ix":2}},{"ty":"fl","bm":0,"cl":"","ln":"","hd":false,"mn":"ADBE Vector Graphic - Fill","nm":"Fill 1","c":{"a":0,"k":[0.4314,0.3608,0.2392],"ix":4},"r":1,"o":{"a":0,"k":100,"ix":5}},{"ty":"tr","a":{"a":0,"k":[0,0],"ix":1},"s":{"a":0,"k":[100,100],"ix":3},"sk":{"a":0,"k":0,"ix":4},"p":{"a":0,"k":[93.792,24.909],"ix":2},"r":{"a":0,"k":0,"ix":6},"sa":{"a":0,"k":0,"ix":5},"o":{"a":0,"k":100,"ix":7}}]},{"ty":"gr","bm":0,"cl":"","ln":"","hd":false,"mn":"ADBE Vector Group","nm":"Group 10","ix":10,"cix":2,"np":2,"it":[{"ty":"sh","bm":0,"cl":"","ln":"","hd":false,"mn":"ADBE Vector Shape - Group","nm":"Path 1","ix":1,"d":1,"ks":{"a":0,"k":{"c":true,"i":[[-0.175,-0.7],[0,0],[-0.045,0.189]],"o":[[0,0],[0.04,-0.101],[-0.523,-2.1]],"v":[[-0.124,1.227],[0.177,1.227],[0.299,0.873]]},"ix":2}},{"ty":"fl","bm":0,"cl":"","ln":"","hd":false,"mn":"ADBE Vector Graphic - Fill","nm":"Fill 1","c":{"a":0,"k":[0.4314,0.3608,0.2392],"ix":4},"r":1,"o":{"a":0,"k":100,"ix":5}},{"ty":"tr","a":{"a":0,"k":[0,0],"ix":1},"s":{"a":0,"k":[100,100],"ix":3},"sk":{"a":0,"k":0,"ix":4},"p":{"a":0,"k":[93.766,23.517],"ix":2},"r":{"a":0,"k":0,"ix":6},"sa":{"a":0,"k":0,"ix":5},"o":{"a":0,"k":100,"ix":7}}]},{"ty":"gr","bm":0,"cl":"","ln":"","hd":false,"mn":"ADBE Vector Group","nm":"Group 11","ix":11,"cix":2,"np":2,"it":[{"ty":"sh","bm":0,"cl":"","ln":"","hd":false,"mn":"ADBE Vector Shape - Group","nm":"Path 1","ix":1,"d":1,"ks":{"a":0,"k":{"c":true,"i":[[0.04,-0.101],[0,0],[0.026,0.103]],"o":[[0,0],[-0.027,-0.119],[-0.045,0.189]],"v":[[-0.102,0.177],[0.102,0.177],[0.02,-0.177]]},"ix":2}},{"ty":"fl","bm":0,"cl":"","ln":"","hd":false,"mn":"ADBE Vector Graphic - Fill","nm":"Fill 1","c":{"a":0,"k":[0.4314,0.3608,0.2392],"ix":4},"r":1,"o":{"a":0,"k":100,"ix":5}},{"ty":"tr","a":{"a":0,"k":[0,0],"ix":1},"s":{"a":0,"k":[100,100],"ix":3},"sk":{"a":0,"k":0,"ix":4},"p":{"a":0,"k":[94.045,24.567],"ix":2},"r":{"a":0,"k":0,"ix":6},"sa":{"a":0,"k":0,"ix":5},"o":{"a":0,"k":100,"ix":7}}]},{"ty":"gr","bm":0,"cl":"","ln":"","hd":false,"mn":"ADBE Vector Group","nm":"Group 12","ix":12,"cix":2,"np":2,"it":[{"ty":"sh","bm":0,"cl":"","ln":"","hd":false,"mn":"ADBE Vector Shape - Group","nm":"Path 1","ix":1,"d":1,"ks":{"a":0,"k":{"c":true,"i":[[-0.023,-0.02],[0.016,0.019],[0,0]],"o":[[-0.015,-0.019],[0,0],[0.023,0.02]],"v":[[0.037,0.028],[-0.008,-0.028],[-0.037,-0.028]]},"ix":2}},{"ty":"fl","bm":0,"cl":"","ln":"","hd":false,"mn":"ADBE Vector Graphic - Fill","nm":"Fill 1","c":{"a":0,"k":[0,0,0],"ix":4},"r":1,"o":{"a":0,"k":100,"ix":5}},{"ty":"tr","a":{"a":0,"k":[0,0],"ix":1},"s":{"a":0,"k":[100,100],"ix":3},"sk":{"a":0,"k":0,"ix":4},"p":{"a":0,"k":[95.84,24.772],"ix":2},"r":{"a":0,"k":0,"ix":6},"sa":{"a":0,"k":0,"ix":5},"o":{"a":0,"k":100,"ix":7}}]},{"ty":"gr","bm":0,"cl":"","ln":"","hd":false,"mn":"ADBE Vector Group","nm":"Group 13","ix":13,"cix":2,"np":2,"it":[{"ty":"sh","bm":0,"cl":"","ln":"","hd":false,"mn":"ADBE Vector Shape - Group","nm":"Path 1","ix":1,"d":1,"ks":{"a":0,"k":{"c":true,"i":[[0,0],[0.504,0.634],[0.03,-0.187],[-0.506,-0.425]],"o":[[-0.504,-0.634],[-0.031,0.234],[0.526,0.404],[0,0]],"v":[[0.802,0.95],[-0.709,-0.95],[-0.802,-0.258],[0.774,0.95]]},"ix":2}},{"ty":"fl","bm":0,"cl":"","ln":"","hd":false,"mn":"ADBE Vector Graphic - Fill","nm":"Fill 1","c":{"a":0,"k":[0,0,0],"ix":4},"r":1,"o":{"a":0,"k":100,"ix":5}},{"ty":"tr","a":{"a":0,"k":[0,0],"ix":1},"s":{"a":0,"k":[100,100],"ix":3},"sk":{"a":0,"k":0,"ix":4},"p":{"a":0,"k":[95.03,23.794],"ix":2},"r":{"a":0,"k":0,"ix":6},"sa":{"a":0,"k":0,"ix":5},"o":{"a":0,"k":100,"ix":7}}]},{"ty":"gr","bm":0,"cl":"","ln":"","hd":false,"mn":"ADBE Vector Group","nm":"Group 14","ix":14,"cix":2,"np":2,"it":[{"ty":"sh","bm":0,"cl":"","ln":"","hd":false,"mn":"ADBE Vector Shape - Group","nm":"Path 1","ix":1,"d":1,"ks":{"a":0,"k":{"c":true,"i":[[0,0],[0.608,0.805],[0.892,0.603]],"o":[[-0.506,-0.875],[-0.864,-0.722],[0,0]],"v":[[2.151,2.26],[0.484,-0.261],[-2.151,-2.26]]},"ix":2}},{"ty":"fl","bm":0,"cl":"","ln":"","hd":false,"mn":"ADBE Vector Graphic - Fill","nm":"Fill 1","c":{"a":0,"k":[0,0,0],"ix":4},"r":1,"o":{"a":0,"k":100,"ix":5}},{"ty":"tr","a":{"a":0,"k":[0,0],"ix":1},"s":{"a":0,"k":[100,100],"ix":3},"sk":{"a":0,"k":0,"ix":4},"p":{"a":0,"k":[103.636,30.079],"ix":2},"r":{"a":0,"k":0,"ix":6},"sa":{"a":0,"k":0,"ix":5},"o":{"a":0,"k":100,"ix":7}}]},{"ty":"gr","bm":0,"cl":"","ln":"","hd":false,"mn":"ADBE Vector Group","nm":"Group 15","ix":15,"cix":2,"np":2,"it":[{"ty":"sh","bm":0,"cl":"","ln":"","hd":false,"mn":"ADBE Vector Shape - Group","nm":"Path 1","ix":1,"d":1,"ks":{"a":0,"k":{"c":true,"i":[[0.461,-1.62],[0,0],[0,-0.333],[0,0],[-1.4,8.874],[0,0]],"o":[[0,0],[-0.091,0.32],[0,0],[2.559,-5.446],[0,0],[-1.312,0.143]],"v":[[-1.402,-7.045],[-3.504,0.346],[-3.641,1.33],[-3.641,11.331],[3.641,-11.331],[1.607,-9.64]]},"ix":2}},{"ty":"fl","bm":0,"cl":"","ln":"","hd":false,"mn":"ADBE Vector Graphic - Fill","nm":"Fill 1","c":{"a":0,"k":[0.9647,0.7804,0.7059],"ix":4},"r":1,"o":{"a":0,"k":100,"ix":5}},{"ty":"tr","a":{"a":0,"k":[0,0],"ix":1},"s":{"a":0,"k":[100,100],"ix":3},"sk":{"a":0,"k":0,"ix":4},"p":{"a":0,"k":[106.707,88.373],"ix":2},"r":{"a":0,"k":0,"ix":6},"sa":{"a":0,"k":0,"ix":5},"o":{"a":0,"k":100,"ix":7}}]},{"ty":"gr","bm":0,"cl":"","ln":"","hd":false,"mn":"ADBE Vector Group","nm":"Group 16","ix":16,"cix":2,"np":2,"it":[{"ty":"sh","bm":0,"cl":"","ln":"","hd":false,"mn":"ADBE Vector Shape - Group","nm":"Path 1","ix":1,"d":1,"ks":{"a":0,"k":{"c":true,"i":[[0.56,0.002],[0,0],[0,0],[0,0]],"o":[[0,0],[0,0],[0,0],[-0.568,0.003]],"v":[[-2.368,-2.733],[-2.122,-2.475],[2.368,2.733],[-0.71,-2.715]]},"ix":2}},{"ty":"fl","bm":0,"cl":"","ln":"","hd":false,"mn":"ADBE Vector Graphic - Fill","nm":"Fill 1","c":{"a":0,"k":[0.9647,0.7804,0.7059],"ix":4},"r":1,"o":{"a":0,"k":100,"ix":5}},{"ty":"tr","a":{"a":0,"k":[0,0],"ix":1},"s":{"a":0,"k":[100,100],"ix":3},"sk":{"a":0,"k":0,"ix":4},"p":{"a":0,"k":[105.456,42.681],"ix":2},"r":{"a":0,"k":0,"ix":6},"sa":{"a":0,"k":0,"ix":5},"o":{"a":0,"k":100,"ix":7}}]},{"ty":"gr","bm":0,"cl":"","ln":"","hd":false,"mn":"ADBE Vector Group","nm":"Group 17","ix":17,"cix":2,"np":2,"it":[{"ty":"sh","bm":0,"cl":"","ln":"","hd":false,"mn":"ADBE Vector Shape - Group","nm":"Path 1","ix":1,"d":1,"ks":{"a":0,"k":{"c":true,"i":[[0.502,5.858],[0,0],[0,0],[0,0],[2.909,0.182],[-1.133,-0.172],[-1.869,-2.259],[-0.275,-0.53],[3.032,-9.523],[4.231,-5.879],[7.949,-1.505],[0,-1.893],[0,0],[0,0],[-1.842,3.92],[0,0],[-0.091,0.32],[0,0],[-1.312,0.143],[0,0],[0,2.663]],"o":[[0,0],[0,0],[0,0],[-3.219,-0.013],[1.543,0.445],[2.758,0.456],[0.262,0.544],[4.22,8.77],[-1.8,6.578],[-4.509,6.823],[2.512,2.46],[0,0],[2.672,-0.832],[0,0],[0,0],[0,-0.333],[0,0],[0.461,-1.62],[0,0],[0.417,-2.636],[0,-6.601]],"v":[[20.738,-29.06],[18.009,-33.892],[13.519,-39.1],[13.273,-39.358],[4.052,-39.634],[8.15,-38.644],[11.984,-27.441],[12.765,-25.784],[10.731,6.483],[-1.376,24.084],[-21.24,32.05],[-15.927,39.634],[-3.518,39.634],[9.968,26.757],[13.251,20.399],[13.251,10.398],[13.388,9.413],[15.49,2.023],[18.499,-0.573],[20.533,-2.264],[21.215,-10.239]]},"ix":2}},{"ty":"fl","bm":0,"cl":"","ln":"","hd":false,"mn":"ADBE Vector Graphic - Fill","nm":"Fill 1","c":{"a":0,"k":[0.9647,0.7804,0.7059],"ix":4},"r":1,"o":{"a":0,"k":100,"ix":5}},{"ty":"tr","a":{"a":0,"k":[0,0],"ix":1},"s":{"a":0,"k":[100,100],"ix":3},"sk":{"a":0,"k":0,"ix":4},"p":{"a":0,"k":[89.815,79.306],"ix":2},"r":{"a":0,"k":0,"ix":6},"sa":{"a":0,"k":0,"ix":5},"o":{"a":0,"k":100,"ix":7}}]},{"ty":"gr","bm":0,"cl":"","ln":"","hd":false,"mn":"ADBE Vector Group","nm":"Group 18","ix":18,"cix":2,"np":2,"it":[{"ty":"sh","bm":0,"cl":"","ln":"","hd":false,"mn":"ADBE Vector Shape - Group","nm":"Path 1","ix":1,"d":1,"ks":{"a":0,"k":{"c":true,"i":[[0,0],[0,0],[2.672,-0.832],[0,0],[2.511,2.46],[-4.509,6.824],[-1.799,6.578],[4.219,8.769],[0.262,0.544],[2.758,0.456],[1.543,0.445],[6.421,2.795],[6.535,-11.797],[0,0],[2.106,0.347],[0.225,0],[-1.403,-5.662],[-2.543,-2.224],[-0.212,-0.477],[0,0],[0,-0.504],[0,0],[0,0],[1.241,-1.554],[0.232,-0.176],[0,0],[0,0]],"o":[[-1.842,3.92],[0,0],[0,0],[0,-1.893],[7.948,-1.505],[4.231,-5.878],[3.033,-9.523],[-0.276,-0.531],[-1.869,-2.26],[-1.132,-0.173],[-10.355,-0.649],[-6.789,-2.954],[0,0],[-0.131,2.129],[-0.201,-0.034],[-1.672,0],[0.345,1.389],[0.392,0.344],[0,0],[0.205,0.46],[0,0],[0,0],[1.555,1.24],[-0.189,0.238],[0,0],[0,0],[0,0]],"v":[[29.842,6.011],[26.56,12.369],[13.073,25.246],[0.664,25.246],[-4.648,17.662],[15.215,9.695],[27.322,-7.905],[29.357,-40.172],[28.575,-41.829],[24.741,-53.032],[20.644,-54.022],[-4.522,-59.187],[-24.508,-45.896],[-25.248,-33.905],[-29.427,-30.574],[-30.067,-30.625],[-32.173,-19.293],[-27.896,-13.79],[-26.978,-12.544],[-17.46,8.851],[-17.148,10.314],[-17.148,39.378],[-7.991,46.681],[-7.421,51.74],[-8.091,52.303],[8.902,62.141],[29.842,43.465]]},"ix":2}},{"ty":"fl","bm":0,"cl":"","ln":"","hd":false,"mn":"ADBE Vector Graphic - Fill","nm":"Fill 1","c":{"a":0,"k":[0.9961,0.8549,0.7765],"ix":4},"r":1,"o":{"a":0,"k":100,"ix":5}},{"ty":"tr","a":{"a":0,"k":[0,0],"ix":1},"s":{"a":0,"k":[100,100],"ix":3},"sk":{"a":0,"k":0,"ix":4},"p":{"a":0,"k":[73.223,93.694],"ix":2},"r":{"a":0,"k":0,"ix":6},"sa":{"a":0,"k":0,"ix":5},"o":{"a":0,"k":100,"ix":7}}]},{"ty":"gr","bm":0,"cl":"","ln":"","hd":false,"mn":"ADBE Vector Group","nm":"Group 19","ix":19,"cix":2,"np":2,"it":[{"ty":"sh","bm":0,"cl":"","ln":"","hd":false,"mn":"ADBE Vector Shape - Group","nm":"Path 1","ix":1,"d":1,"ks":{"a":0,"k":{"c":true,"i":[[0,-6.601],[0.417,-2.636],[0,0],[0.577,5.496],[0,0]],"o":[[0,2.663],[0,0],[-0.055,-4.097],[0,0],[0.502,5.858]],"v":[[-1.336,5.423],[-2.018,13.398],[2.018,10.044],[0.732,-8.892],[-1.813,-13.398]]},"ix":2}},{"ty":"fl","bm":0,"cl":"","ln":"","hd":false,"mn":"ADBE Vector Graphic - Fill","nm":"Fill 1","c":{"a":0,"k":[0.9961,0.8549,0.7765],"ix":4},"r":1,"o":{"a":0,"k":100,"ix":5}},{"ty":"tr","a":{"a":0,"k":[0,0],"ix":1},"s":{"a":0,"k":[100,100],"ix":3},"sk":{"a":0,"k":0,"ix":4},"p":{"a":0,"k":[112.365,63.643],"ix":2},"r":{"a":0,"k":0,"ix":6},"sa":{"a":0,"k":0,"ix":5},"o":{"a":0,"k":100,"ix":7}}]},{"ty":"gr","bm":0,"cl":"","ln":"","hd":false,"mn":"ADBE Vector Group","nm":"Group 20","ix":20,"cix":2,"np":2,"it":[{"ty":"sh","bm":0,"cl":"","ln":"","hd":false,"mn":"ADBE Vector Shape - Group","nm":"Path 1","ix":1,"d":1,"ks":{"a":0,"k":{"c":true,"i":[[0,0],[0,0],[0,0],[0,0]],"o":[[0,0],[0,0],[0,0],[0,0]],"v":[[34.034,-103.461],[-36.706,103.461],[24.229,94.567],[36.706,-9.606]]},"ix":2}},{"ty":"fl","bm":0,"cl":"","ln":"","hd":false,"mn":"ADBE Vector Graphic - Fill","nm":"Fill 1","c":{"a":0,"k":[1,1,1],"ix":4},"r":1,"o":{"a":0,"k":100,"ix":5}},{"ty":"tr","a":{"a":0,"k":[0,0],"ix":1},"s":{"a":0,"k":[100,100],"ix":3},"sk":{"a":0,"k":0,"ix":4},"p":{"a":0,"k":[115.577,248.613],"ix":2},"r":{"a":0,"k":0,"ix":6},"sa":{"a":0,"k":0,"ix":5},"o":{"a":0,"k":100,"ix":7}}]},{"ty":"gr","bm":0,"cl":"","ln":"","hd":false,"mn":"ADBE Vector Group","nm":"Shape 1","ix":21,"cix":2,"np":3,"it":[{"ty":"sh","bm":0,"cl":"","ln":"","hd":false,"mn":"ADBE Vector Shape - Group","nm":"Path 1","ix":1,"d":1,"ks":{"a":1,"k":[{"o":{"x":0.4,"y":0},"i":{"x":0.25,"y":1},"s":[{"c":true,"i":[[0,0],[0,0],[0,0],[0,0]],"o":[[0,0],[0,0],[0,0],[0,0]],"v":[[51.533,136.904],[12.533,145.154],[8.033,185.404],[68.783,148.404]]}],"t":7},{"o":{"x":0.51,"y":0},"i":{"x":0.47,"y":1},"s":[{"c":true,"i":[[0,0],[0,0],[0,0],[0,0]],"o":[[0,0],[0,0],[0,0],[0,0]],"v":[[53.408,126.029],[10.533,137.529],[6.158,165.279],[66.658,146.904]]}],"t":46},{"o":{"x":0.167,"y":0.167},"i":{"x":0.833,"y":0.833},"s":[{"c":true,"i":[[0,0],[0,0],[0,0],[0,0]],"o":[[0,0],[0,0],[0,0],[0,0]],"v":[[51.533,136.904],[11.533,145.529],[8.783,178.404],[68.783,148.404]]}],"t":96}],"ix":2}},{"ty":"fl","bm":0,"cl":"","ln":"","hd":false,"mn":"ADBE Vector Graphic - Fill","nm":"Fill 1","c":{"a":0,"k":[0.8667,0.8667,0.8667],"ix":4},"r":1,"o":{"a":0,"k":100,"ix":5}},{"ty":"tr","a":{"a":0,"k":[0,0],"ix":1},"s":{"a":0,"k":[100,100],"ix":3},"sk":{"a":0,"k":0,"ix":4},"p":{"a":0,"k":[0,0],"ix":2},"r":{"a":0,"k":0,"ix":6},"sa":{"a":0,"k":0,"ix":5},"o":{"a":0,"k":100,"ix":7}}]},{"ty":"gr","bm":0,"cl":"","ln":"","hd":false,"mn":"ADBE Vector Group","nm":"Group 21","ix":22,"cix":2,"np":2,"it":[{"ty":"sh","bm":0,"cl":"","ln":"","hd":false,"mn":"ADBE Vector Shape - Group","nm":"Path 1","ix":1,"d":1,"ks":{"a":1,"k":[{"o":{"x":0.4,"y":0},"i":{"x":0.25,"y":1},"s":[{"c":true,"i":[[0,0],[0,0],[0,0],[0,0],[0,0],[0,0],[0,0]],"o":[[0,0],[0,0],[0,0],[0,0],[0,0],[0,0],[0,0]],"v":[[-55.347,114.03],[-74.767,-4.919],[-65.233,-98.031],[6.767,-114.031],[70.767,-98.031],[74.767,-2.031],[62.767,97.969]]}],"t":7},{"o":{"x":0.51,"y":0},"i":{"x":0.47,"y":1},"s":[{"c":true,"i":[[0,0],[0,0],[0,0],[0,0],[0,0],[0,0],[0,0]],"o":[[0,0],[0,0],[0,0],[0,0],[0,0],[0,0],[0,0]],"v":[[-55.347,114.03],[-74.767,-4.919],[-65.249,-108.031],[6.751,-124.031],[70.751,-108.031],[74.767,-2.031],[62.767,97.969]]}],"t":46},{"o":{"x":0.167,"y":0.167},"i":{"x":0.833,"y":0.833},"s":[{"c":true,"i":[[0,0],[0,0],[0,0],[0,0],[0,0],[0,0],[0,0]],"o":[[0,0],[0,0],[0,0],[0,0],[0,0],[0,0],[0,0]],"v":[[-55.347,114.03],[-74.767,-4.919],[-65.233,-98.031],[6.767,-114.031],[70.767,-98.031],[74.767,-2.031],[62.767,97.969]]}],"t":96}],"ix":2}},{"ty":"fl","bm":0,"cl":"","ln":"","hd":false,"mn":"ADBE Vector Graphic - Fill","nm":"Fill 1","c":{"a":0,"k":[1,1,1],"ix":4},"r":1,"o":{"a":0,"k":100,"ix":5}},{"ty":"tr","a":{"a":0,"k":[0,0],"ix":1},"s":{"a":0,"k":[100,100],"ix":3},"sk":{"a":0,"k":0,"ix":4},"p":{"a":0,"k":[77.516,245.038],"ix":2},"r":{"a":0,"k":0,"ix":6},"sa":{"a":0,"k":0,"ix":5},"o":{"a":0,"k":100,"ix":7}}]}],"ind":2,"parent":1},{"ty":4,"nm":"cabeza","mn":"","sr":1,"st":0,"op":421,"ip":0,"hd":false,"cl":"","ln":"","ddd":0,"bm":0,"hasMask":true,"ao":0,"ks":{"a":{"a":0,"k":[78.442,201.362,0],"ix":1},"s":{"a":0,"k":[100,100,100],"ix":6},"sk":{"a":0,"k":0},"p":{"a":1,"k":[{"o":{"x":0.2,"y":0},"i":{"x":0.2,"y":1},"s":[60,67.5,0],"t":0,"ti":[0,1.25,0],"to":[0,-1.25,0]},{"o":{"x":0.167,"y":0.167},"i":{"x":0.833,"y":0.833},"s":[60,60,0],"t":55}],"ix":2},"r":{"a":0,"k":0,"ix":10},"sa":{"a":0,"k":0},"o":{"a":0,"k":100,"ix":11}},"ef":[],"masksProperties":[{"nm":"Mask 1","mn":"","inv":false,"mode":"a","x":{"a":0,"k":0,"ix":4},"o":{"a":0,"k":100,"ix":3},"pt":{"a":0,"k":{"c":true,"i":[[0,0],[0,0],[0,0],[0,0]],"o":[[0,0],[0,0],[0,0],[0,0]],"v":[[175.213,-5.484],[-10.252,-5.484],[-10.217,127.008],[175.248,127.008]]},"ix":1}}],"shapes":[{"ty":"gr","bm":0,"cl":"","ln":"","hd":false,"mn":"ADBE Vector Group","nm":"Group 1","ix":1,"cix":2,"np":2,"it":[{"ty":"sh","bm":0,"cl":"","ln":"","hd":false,"mn":"ADBE Vector Shape - Group","nm":"Path 1","ix":1,"d":1,"ks":{"a":0,"k":{"c":true,"i":[[0.289,1.967],[0,0],[1.929,-0.297],[-0.289,-1.967],[0,0],[-1.754,0],[-0.176,0.027]],"o":[[0,0],[-0.289,-1.965],[-1.969,0.291],[0,0],[0.266,1.787],[0.175,0],[1.969,-0.291]],"v":[[4.264,4.319],[2.862,-5.12],[-1.228,-8.151],[-4.263,-4.062],[-2.861,5.378],[0.698,8.448],[1.229,8.409]]},"ix":2}},{"ty":"fl","bm":0,"cl":"","ln":"","hd":false,"mn":"ADBE Vector Graphic - Fill","nm":"Fill 1","c":{"a":0,"k":[0,0,0],"ix":4},"r":1,"o":{"a":0,"k":100,"ix":5}},{"ty":"tr","a":{"a":0,"k":[0,0],"ix":1},"s":{"a":0,"k":[100,100],"ix":3},"sk":{"a":0,"k":0,"ix":4},"p":{"a":0,"k":[13.751,301.414],"ix":2},"r":{"a":0,"k":0,"ix":6},"sa":{"a":0,"k":0,"ix":5},"o":{"a":0,"k":100,"ix":7}}]},{"ty":"gr","bm":0,"cl":"","ln":"","hd":false,"mn":"ADBE Vector Group","nm":"Group 2","ix":2,"cix":2,"np":2,"it":[{"ty":"sh","bm":0,"cl":"","ln":"","hd":false,"mn":"ADBE Vector Shape - Group","nm":"Path 1","ix":1,"d":1,"ks":{"a":0,"k":{"c":false,"i":[[0,0],[0,0],[-1.955,0.358],[0.358,1.956],[0,0],[0,0]],"o":[[0,0],[0.358,1.956],[1.956,-0.357],[0,0],[0,0],[0,0]],"v":[[-7.113,-13.542],[-0.327,23.586],[3.861,26.48],[6.755,22.291],[-2.225,-26.838],[-6.95,-22.965]]},"ix":2}},{"ty":"fl","bm":0,"cl":"","ln":"","hd":false,"mn":"ADBE Vector Graphic - Fill","nm":"Fill 1","c":{"a":0,"k":[0,0,0],"ix":4},"r":1,"o":{"a":0,"k":100,"ix":5}},{"ty":"tr","a":{"a":0,"k":[0,0],"ix":1},"s":{"a":0,"k":[100,100],"ix":3},"sk":{"a":0,"k":0,"ix":4},"p":{"a":0,"k":[7.363,260.697],"ix":2},"r":{"a":0,"k":0,"ix":6},"sa":{"a":0,"k":0,"ix":5},"o":{"a":0,"k":100,"ix":7}}]},{"ty":"gr","bm":0,"cl":"","ln":"","hd":false,"mn":"ADBE Vector Group","nm":"Group 3","ix":3,"cix":2,"np":2,"it":[{"ty":"sh","bm":0,"cl":"","ln":"","hd":false,"mn":"ADBE Vector Shape - Group","nm":"Path 1","ix":1,"d":1,"ks":{"a":0,"k":{"c":true,"i":[[1.875,-0.318],[-0.328,-1.861],[0,0],[0,0],[-2.279,-0.451],[0,0],[0,0]],"o":[[-1.863,0.328],[0,0],[0,0],[2.226,0.499],[0,0],[0,0],[-0.324,-1.859]],"v":[[-1.818,-28.212],[-4.595,-24.251],[-1.96,-9.23],[-4.638,27.101],[2.113,28.53],[4.923,-9.573],[2.138,-25.435]]},"ix":2}},{"ty":"fl","bm":0,"cl":"","ln":"","hd":false,"mn":"ADBE Vector Graphic - Fill","nm":"Fill 1","c":{"a":0,"k":[0,0,0],"ix":4},"r":1,"o":{"a":0,"k":100,"ix":5}},{"ty":"tr","a":{"a":0,"k":[0,0],"ix":1},"s":{"a":0,"k":[100,100],"ix":3},"sk":{"a":0,"k":0,"ix":4},"p":{"a":0,"k":[21.063,362.832],"ix":2},"r":{"a":0,"k":0,"ix":6},"sa":{"a":0,"k":0,"ix":5},"o":{"a":0,"k":100,"ix":7}}]},{"ty":"gr","bm":0,"cl":"","ln":"","hd":false,"mn":"ADBE Vector Group","nm":"Group 4","ix":4,"cix":2,"np":2,"it":[{"ty":"sh","bm":0,"cl":"","ln":"","hd":false,"mn":"ADBE Vector Shape - Group","nm":"Path 1","ix":1,"d":1,"ks":{"a":0,"k":{"c":true,"i":[[-0.864,-0.722],[-2.015,-1.624],[9.327,5.506],[-3.526,-3.559],[3.242,1.983],[-1.294,-1.628],[-0.504,-0.635],[-0.015,-0.018],[0.023,0.019],[0.526,0.403],[4.73,1.654],[0.729,0.212],[-3.647,-3.216],[-0.412,-0.373],[-3.758,-4.595],[2.131,4.061],[-0.865,-0.584]],"o":[[2.26,1.887],[-4.664,-9.636],[3.512,3.549],[-3.256,-1.99],[1.297,1.627],[0.504,0.634],[0.016,0.018],[-0.024,-0.019],[-0.506,-0.426],[-3.935,-3.025],[-0.706,-0.256],[4.017,2.763],[0.417,0.367],[4.418,4.005],[-1.523,-4.311],[0.887,0.391],[0.892,0.603]],"v":[[9.342,3.816],[15.777,9.464],[-5.154,-12.731],[5.402,-2.071],[-4.34,-8.044],[-0.457,-3.16],[1.053,-1.257],[1.099,-1.202],[1.026,-1.257],[-0.551,-2.467],[-13.629,-9.583],[-15.777,-10.283],[-4.309,-1.257],[-3.042,-0.173],[9.267,12.731],[4.081,0.316],[6.707,1.816]]},"ix":2}},{"ty":"fl","bm":0,"cl":"","ln":"","hd":false,"mn":"ADBE Vector Graphic - Fill","nm":"Fill 1","c":{"a":0,"k":[0.4314,0.3608,0.2392],"ix":4},"r":1,"o":{"a":0,"k":100,"ix":5}},{"ty":"tr","a":{"a":0,"k":[0,0],"ix":1},"s":{"a":0,"k":[100,100],"ix":3},"sk":{"a":0,"k":0,"ix":4},"p":{"a":0,"k":[94.779,26.002],"ix":2},"r":{"a":0,"k":0,"ix":6},"sa":{"a":0,"k":0,"ix":5},"o":{"a":0,"k":100,"ix":7}}]},{"ty":"gr","bm":0,"cl":"","ln":"","hd":false,"mn":"ADBE Vector Group","nm":"Group 5","ix":5,"cix":2,"np":2,"it":[{"ty":"sh","bm":0,"cl":"","ln":"","hd":false,"mn":"ADBE Vector Shape - Group","nm":"Path 1","ix":1,"d":1,"ks":{"a":0,"k":{"c":false,"i":[[0,0],[0,0],[0,0],[-0.602,-0.735],[0,0],[-2.283,0.043],[0,0],[0,0],[0,0]],"o":[[0,0],[0,0],[-0.124,1.015],[0,0],[2.373,-0.008],[0,0],[0,0],[0,0],[0,0]],"v":[[9.128,-80.469],[4.129,-84.291],[-9.629,28.342],[-8.828,31.051],[1.146,84.291],[8.086,84.197],[-2.286,28.828],[-2.436,28.837],[9.753,-70.939]]},"ix":2}},{"ty":"fl","bm":0,"cl":"","ln":"","hd":false,"mn":"ADBE Vector Graphic - Fill","nm":"Fill 1","c":{"a":0,"k":[0,0,0],"ix":4},"r":1,"o":{"a":0,"k":100,"ix":5}},{"ty":"tr","a":{"a":0,"k":[0,0],"ix":1},"s":{"a":0,"k":[100,100],"ix":3},"sk":{"a":0,"k":0,"ix":4},"p":{"a":0,"k":[146.882,318.125],"ix":2},"r":{"a":0,"k":0,"ix":6},"sa":{"a":0,"k":0,"ix":5},"o":{"a":0,"k":100,"ix":7}}]},{"ty":"gr","bm":0,"cl":"","ln":"","hd":false,"mn":"ADBE Vector Group","nm":"Group 6","ix":6,"cix":2,"np":2,"it":[{"ty":"sh","bm":0,"cl":"","ln":"","hd":false,"mn":"ADBE Vector Shape - Group","nm":"Path 1","ix":1,"d":1,"ks":{"a":0,"k":{"c":false,"i":[[0,0],[0,0],[0,0],[0,0],[0,0],[0.003,1.074],[0.457,3.405],[0,9.214],[20.632,0],[19.887,-9.455],[-1.885,-10.232],[0,0],[-1.293,-5.218],[-3.198,-2.915],[0,0],[0,0],[0,0],[-7.707,-0.056],[0,0],[0,0],[0,0],[0,0],[-1.281,0.976],[-0.189,0.238],[1.554,1.24],[0,0],[0,0],[0.205,0.46],[0,0],[0.393,0.344],[0.345,1.389],[-1.672,0],[-0.201,-0.034],[-0.131,2.129],[0,0],[-6.789,-2.954],[-10.354,-0.65],[-3.219,-0.013],[-0.568,0.003],[0,0],[0,0],[0,0],[-0.055,-4.096],[0,0],[2.559,-5.447],[0,0],[0,0],[0,0],[0.248,-1.659],[0,-0.181],[0,0],[0,0],[-1.989,0],[0,1.988],[0,0],[0,0],[0,0],[-0.198,0.176],[0,0],[0,0],[0,0],[0,0]],"o":[[0,0],[0,0],[0,0],[0,0],[0.826,-0.686],[-0.014,-5.044],[1.488,-6.057],[0,-16.904],[-20.633,0],[-13.258,6.303],[0,0],[-1.995,3.983],[0.718,2.897],[0,0],[0,0],[0,0],[0,0],[0,0],[0,0],[0,0],[0,0],[1.317,1.05],[0.232,-0.176],[1.24,-1.554],[0,0],[0,0],[0,-0.504],[0,0],[-0.212,-0.477],[-2.543,-2.224],[-1.403,-5.663],[0.225,0],[2.106,0.347],[0,0],[6.534,-11.797],[6.421,2.795],[2.909,0.181],[0.56,0.003],[0,0],[0,0],[0,0],[0.576,5.496],[0,0],[-1.4,8.875],[0,0],[0,0],[0,0],[-1.708,0.104],[-0.026,0.173],[0,0],[0,0],[0,1.988],[1.988,0],[0,0],[0,0],[0,0],[0.222,-0.125],[0,0],[0,0],[0,0],[0,0],[0,0]],"v":[[72.895,52.677],[31.69,41.388],[31.69,-1.695],[33.08,-6.582],[41.721,-13.767],[43.02,-16.546],[42.33,-29.117],[44.603,-51.935],[18.286,-86.582],[-26.348,-82.195],[-43.408,-57.393],[-43.324,-30.533],[-44.513,-15.767],[-38.594,-7.117],[-29.701,12.872],[-29.701,42.553],[-69.997,52.629],[-66,59.051],[-29.701,49.975],[-24.607,48.702],[-22.501,50.382],[-17.832,54.104],[-13.443,54.096],[-12.773,53.534],[-13.343,48.475],[-22.501,41.172],[-22.501,12.108],[-22.812,10.645],[-32.331,-10.75],[-33.249,-11.996],[-37.525,-17.5],[-35.419,-28.832],[-34.779,-28.78],[-30.6,-32.112],[-29.86,-44.103],[-9.875,-57.393],[15.291,-52.228],[24.512,-51.953],[26.17,-51.935],[29.249,-46.487],[31.977,-41.655],[34.522,-37.15],[35.807,-18.214],[31.772,-14.859],[24.49,7.805],[24.49,45.259],[3.549,63.935],[2.784,64.617],[-0.507,67.667],[-0.607,68.176],[-0.607,76.105],[-0.607,88.051],[2.993,91.651],[6.593,88.051],[6.593,80.624],[6.593,72.122],[6.593,70.664],[7.252,70.28],[24.49,54.906],[31.374,48.767],[31.69,48.854],[73.707,63.108]]},"ix":2}},{"ty":"fl","bm":0,"cl":"","ln":"","hd":false,"mn":"ADBE Vector Graphic - Fill","nm":"Fill 1","c":{"a":0,"k":[0,0,0],"ix":4},"r":1,"o":{"a":0,"k":100,"ix":5}},{"ty":"tr","a":{"a":0,"k":[0,0],"ix":1},"s":{"a":0,"k":[100,100],"ix":3},"sk":{"a":0,"k":0,"ix":4},"p":{"a":0,"k":[78.576,91.901],"ix":2},"r":{"a":0,"k":0,"ix":6},"sa":{"a":0,"k":0,"ix":5},"o":{"a":0,"k":100,"ix":7}}]},{"ty":"gr","bm":0,"cl":"","ln":"","hd":false,"mn":"ADBE Vector Group","nm":"Group 7","ix":7,"cix":2,"np":2,"it":[{"ty":"sh","bm":0,"cl":"","ln":"","hd":false,"mn":"ADBE Vector Shape - Group","nm":"Path 1","ix":1,"d":1,"ks":{"a":0,"k":{"c":true,"i":[[0,0],[0,0],[0,0],[0,0],[-7.08,-0.914],[-27.887,0.054],[0,0]],"o":[[0,0],[0,0],[0,0],[6.621,1.337],[42.625,5.507],[0,0],[0,0]],"v":[[52.593,-29.643],[-8.343,-20.749],[-62.43,-12.856],[-65.07,18.32],[-44.605,21.78],[65.07,29.597],[52.654,-29.651]]},"ix":2}},{"ty":"fl","bm":0,"cl":"","ln":"","hd":false,"mn":"ADBE Vector Graphic - Fill","nm":"Fill 1","c":{"a":0,"k":[0.4314,0.3608,0.2392],"ix":4},"r":1,"o":{"a":0,"k":100,"ix":5}},{"ty":"tr","a":{"a":0,"k":[0,0],"ix":1},"s":{"a":0,"k":[100,100],"ix":3},"sk":{"a":0,"k":0,"ix":4},"p":{"a":0,"k":[87.214,372.823],"ix":2},"r":{"a":0,"k":0,"ix":6},"sa":{"a":0,"k":0,"ix":5},"o":{"a":0,"k":100,"ix":7}}]},{"ty":"gr","bm":0,"cl":"","ln":"","hd":false,"mn":"ADBE Vector Group","nm":"Group 8","ix":8,"cix":2,"np":2,"it":[{"ty":"sh","bm":0,"cl":"","ln":"","hd":false,"mn":"ADBE Vector Shape - Group","nm":"Path 1","ix":1,"d":1,"ks":{"a":0,"k":{"c":true,"i":[[-0.864,-0.722],[-2.015,-1.624],[9.327,5.506],[-3.526,-3.559],[3.242,1.983],[-1.294,-1.628],[-0.504,-0.635],[-0.015,-0.018],[0.023,0.019],[0.526,0.403],[4.73,1.654],[0.729,0.212],[-3.647,-3.216],[-0.412,-0.373],[-3.758,-4.595],[2.131,4.061],[-0.865,-0.584]],"o":[[2.26,1.887],[-4.664,-9.636],[3.512,3.549],[-3.256,-1.99],[1.297,1.627],[0.504,0.634],[0.016,0.018],[-0.024,-0.019],[-0.506,-0.426],[-3.935,-3.025],[-0.706,-0.256],[4.017,2.763],[0.417,0.367],[4.418,4.005],[-1.523,-4.311],[0.887,0.391],[0.892,0.603]],"v":[[9.342,3.816],[15.777,9.464],[-5.154,-12.731],[5.402,-2.071],[-4.34,-8.044],[-0.457,-3.16],[1.053,-1.257],[1.099,-1.202],[1.026,-1.257],[-0.551,-2.467],[-13.629,-9.583],[-15.777,-10.283],[-4.309,-1.257],[-3.042,-0.173],[9.267,12.731],[4.081,0.316],[6.707,1.816]]},"ix":2}},{"ty":"fl","bm":0,"cl":"","ln":"","hd":false,"mn":"ADBE Vector Graphic - Fill","nm":"Fill 1","c":{"a":0,"k":[0,0,0],"ix":4},"r":1,"o":{"a":0,"k":100,"ix":5}},{"ty":"tr","a":{"a":0,"k":[0,0],"ix":1},"s":{"a":0,"k":[100,100],"ix":3},"sk":{"a":0,"k":0,"ix":4},"p":{"a":0,"k":[94.779,26.002],"ix":2},"r":{"a":0,"k":0,"ix":6},"sa":{"a":0,"k":0,"ix":5},"o":{"a":0,"k":100,"ix":7}}]},{"ty":"gr","bm":0,"cl":"","ln":"","hd":false,"mn":"ADBE Vector Group","nm":"Group 9","ix":9,"cix":2,"np":2,"it":[{"ty":"sh","bm":0,"cl":"","ln":"","hd":false,"mn":"ADBE Vector Shape - Group","nm":"Path 1","ix":1,"d":1,"ks":{"a":0,"k":{"c":true,"i":[[-0.132,0.329],[0,0]],"o":[[0,0],[0.067,0.268]],"v":[[0.151,-0.165],[-0.151,-0.165]]},"ix":2}},{"ty":"fl","bm":0,"cl":"","ln":"","hd":false,"mn":"ADBE Vector Graphic - Fill","nm":"Fill 1","c":{"a":0,"k":[0.4314,0.3608,0.2392],"ix":4},"r":1,"o":{"a":0,"k":100,"ix":5}},{"ty":"tr","a":{"a":0,"k":[0,0],"ix":1},"s":{"a":0,"k":[100,100],"ix":3},"sk":{"a":0,"k":0,"ix":4},"p":{"a":0,"k":[93.792,24.909],"ix":2},"r":{"a":0,"k":0,"ix":6},"sa":{"a":0,"k":0,"ix":5},"o":{"a":0,"k":100,"ix":7}}]},{"ty":"gr","bm":0,"cl":"","ln":"","hd":false,"mn":"ADBE Vector Group","nm":"Group 10","ix":10,"cix":2,"np":2,"it":[{"ty":"sh","bm":0,"cl":"","ln":"","hd":false,"mn":"ADBE Vector Shape - Group","nm":"Path 1","ix":1,"d":1,"ks":{"a":0,"k":{"c":true,"i":[[-0.175,-0.7],[0,0],[-0.045,0.189]],"o":[[0,0],[0.04,-0.101],[-0.523,-2.1]],"v":[[-0.124,1.227],[0.177,1.227],[0.299,0.873]]},"ix":2}},{"ty":"fl","bm":0,"cl":"","ln":"","hd":false,"mn":"ADBE Vector Graphic - Fill","nm":"Fill 1","c":{"a":0,"k":[0.4314,0.3608,0.2392],"ix":4},"r":1,"o":{"a":0,"k":100,"ix":5}},{"ty":"tr","a":{"a":0,"k":[0,0],"ix":1},"s":{"a":0,"k":[100,100],"ix":3},"sk":{"a":0,"k":0,"ix":4},"p":{"a":0,"k":[93.766,23.517],"ix":2},"r":{"a":0,"k":0,"ix":6},"sa":{"a":0,"k":0,"ix":5},"o":{"a":0,"k":100,"ix":7}}]},{"ty":"gr","bm":0,"cl":"","ln":"","hd":false,"mn":"ADBE Vector Group","nm":"Group 11","ix":11,"cix":2,"np":2,"it":[{"ty":"sh","bm":0,"cl":"","ln":"","hd":false,"mn":"ADBE Vector Shape - Group","nm":"Path 1","ix":1,"d":1,"ks":{"a":0,"k":{"c":true,"i":[[0.04,-0.101],[0,0],[0.026,0.103]],"o":[[0,0],[-0.027,-0.119],[-0.045,0.189]],"v":[[-0.102,0.177],[0.102,0.177],[0.02,-0.177]]},"ix":2}},{"ty":"fl","bm":0,"cl":"","ln":"","hd":false,"mn":"ADBE Vector Graphic - Fill","nm":"Fill 1","c":{"a":0,"k":[0.4314,0.3608,0.2392],"ix":4},"r":1,"o":{"a":0,"k":100,"ix":5}},{"ty":"tr","a":{"a":0,"k":[0,0],"ix":1},"s":{"a":0,"k":[100,100],"ix":3},"sk":{"a":0,"k":0,"ix":4},"p":{"a":0,"k":[94.045,24.567],"ix":2},"r":{"a":0,"k":0,"ix":6},"sa":{"a":0,"k":0,"ix":5},"o":{"a":0,"k":100,"ix":7}}]},{"ty":"gr","bm":0,"cl":"","ln":"","hd":false,"mn":"ADBE Vector Group","nm":"Group 12","ix":12,"cix":2,"np":2,"it":[{"ty":"sh","bm":0,"cl":"","ln":"","hd":false,"mn":"ADBE Vector Shape - Group","nm":"Path 1","ix":1,"d":1,"ks":{"a":0,"k":{"c":true,"i":[[-0.023,-0.02],[0.016,0.019],[0,0]],"o":[[-0.015,-0.019],[0,0],[0.023,0.02]],"v":[[0.037,0.028],[-0.008,-0.028],[-0.037,-0.028]]},"ix":2}},{"ty":"fl","bm":0,"cl":"","ln":"","hd":false,"mn":"ADBE Vector Graphic - Fill","nm":"Fill 1","c":{"a":0,"k":[0,0,0],"ix":4},"r":1,"o":{"a":0,"k":100,"ix":5}},{"ty":"tr","a":{"a":0,"k":[0,0],"ix":1},"s":{"a":0,"k":[100,100],"ix":3},"sk":{"a":0,"k":0,"ix":4},"p":{"a":0,"k":[95.84,24.772],"ix":2},"r":{"a":0,"k":0,"ix":6},"sa":{"a":0,"k":0,"ix":5},"o":{"a":0,"k":100,"ix":7}}]},{"ty":"gr","bm":0,"cl":"","ln":"","hd":false,"mn":"ADBE Vector Group","nm":"Group 13","ix":13,"cix":2,"np":2,"it":[{"ty":"sh","bm":0,"cl":"","ln":"","hd":false,"mn":"ADBE Vector Shape - Group","nm":"Path 1","ix":1,"d":1,"ks":{"a":0,"k":{"c":true,"i":[[0,0],[0.504,0.634],[0.03,-0.187],[-0.506,-0.425]],"o":[[-0.504,-0.634],[-0.031,0.234],[0.526,0.404],[0,0]],"v":[[0.802,0.95],[-0.709,-0.95],[-0.802,-0.258],[0.774,0.95]]},"ix":2}},{"ty":"fl","bm":0,"cl":"","ln":"","hd":false,"mn":"ADBE Vector Graphic - Fill","nm":"Fill 1","c":{"a":0,"k":[0,0,0],"ix":4},"r":1,"o":{"a":0,"k":100,"ix":5}},{"ty":"tr","a":{"a":0,"k":[0,0],"ix":1},"s":{"a":0,"k":[100,100],"ix":3},"sk":{"a":0,"k":0,"ix":4},"p":{"a":0,"k":[95.03,23.794],"ix":2},"r":{"a":0,"k":0,"ix":6},"sa":{"a":0,"k":0,"ix":5},"o":{"a":0,"k":100,"ix":7}}]},{"ty":"gr","bm":0,"cl":"","ln":"","hd":false,"mn":"ADBE Vector Group","nm":"Group 14","ix":14,"cix":2,"np":2,"it":[{"ty":"sh","bm":0,"cl":"","ln":"","hd":false,"mn":"ADBE Vector Shape - Group","nm":"Path 1","ix":1,"d":1,"ks":{"a":0,"k":{"c":true,"i":[[0,0],[0.608,0.805],[0.892,0.603]],"o":[[-0.506,-0.875],[-0.864,-0.722],[0,0]],"v":[[2.151,2.26],[0.484,-0.261],[-2.151,-2.26]]},"ix":2}},{"ty":"fl","bm":0,"cl":"","ln":"","hd":false,"mn":"ADBE Vector Graphic - Fill","nm":"Fill 1","c":{"a":0,"k":[0,0,0],"ix":4},"r":1,"o":{"a":0,"k":100,"ix":5}},{"ty":"tr","a":{"a":0,"k":[0,0],"ix":1},"s":{"a":0,"k":[100,100],"ix":3},"sk":{"a":0,"k":0,"ix":4},"p":{"a":0,"k":[103.636,30.079],"ix":2},"r":{"a":0,"k":0,"ix":6},"sa":{"a":0,"k":0,"ix":5},"o":{"a":0,"k":100,"ix":7}}]},{"ty":"gr","bm":0,"cl":"","ln":"","hd":false,"mn":"ADBE Vector Group","nm":"Group 15","ix":15,"cix":2,"np":2,"it":[{"ty":"sh","bm":0,"cl":"","ln":"","hd":false,"mn":"ADBE Vector Shape - Group","nm":"Path 1","ix":1,"d":1,"ks":{"a":0,"k":{"c":true,"i":[[0.461,-1.62],[0,0],[0,-0.333],[0,0],[-1.4,8.874],[0,0]],"o":[[0,0],[-0.091,0.32],[0,0],[2.559,-5.446],[0,0],[-1.312,0.143]],"v":[[-1.402,-7.045],[-3.504,0.346],[-3.641,1.33],[-3.641,11.331],[3.641,-11.331],[1.607,-9.64]]},"ix":2}},{"ty":"fl","bm":0,"cl":"","ln":"","hd":false,"mn":"ADBE Vector Graphic - Fill","nm":"Fill 1","c":{"a":0,"k":[0.9647,0.7804,0.7059],"ix":4},"r":1,"o":{"a":0,"k":100,"ix":5}},{"ty":"tr","a":{"a":0,"k":[0,0],"ix":1},"s":{"a":0,"k":[100,100],"ix":3},"sk":{"a":0,"k":0,"ix":4},"p":{"a":0,"k":[106.707,88.373],"ix":2},"r":{"a":0,"k":0,"ix":6},"sa":{"a":0,"k":0,"ix":5},"o":{"a":0,"k":100,"ix":7}}]},{"ty":"gr","bm":0,"cl":"","ln":"","hd":false,"mn":"ADBE Vector Group","nm":"Group 16","ix":16,"cix":2,"np":2,"it":[{"ty":"sh","bm":0,"cl":"","ln":"","hd":false,"mn":"ADBE Vector Shape - Group","nm":"Path 1","ix":1,"d":1,"ks":{"a":0,"k":{"c":true,"i":[[0.56,0.002],[0,0],[0,0],[0,0]],"o":[[0,0],[0,0],[0,0],[-0.568,0.003]],"v":[[-2.368,-2.733],[-2.122,-2.475],[2.368,2.733],[-0.71,-2.715]]},"ix":2}},{"ty":"fl","bm":0,"cl":"","ln":"","hd":false,"mn":"ADBE Vector Graphic - Fill","nm":"Fill 1","c":{"a":0,"k":[0.9647,0.7804,0.7059],"ix":4},"r":1,"o":{"a":0,"k":100,"ix":5}},{"ty":"tr","a":{"a":0,"k":[0,0],"ix":1},"s":{"a":0,"k":[100,100],"ix":3},"sk":{"a":0,"k":0,"ix":4},"p":{"a":0,"k":[105.456,42.681],"ix":2},"r":{"a":0,"k":0,"ix":6},"sa":{"a":0,"k":0,"ix":5},"o":{"a":0,"k":100,"ix":7}}]},{"ty":"gr","bm":0,"cl":"","ln":"","hd":false,"mn":"ADBE Vector Group","nm":"Group 17","ix":17,"cix":2,"np":2,"it":[{"ty":"sh","bm":0,"cl":"","ln":"","hd":false,"mn":"ADBE Vector Shape - Group","nm":"Path 1","ix":1,"d":1,"ks":{"a":0,"k":{"c":true,"i":[[0.502,5.858],[0,0],[0,0],[0,0],[2.909,0.182],[-1.133,-0.172],[-1.869,-2.259],[-0.275,-0.53],[3.032,-9.523],[4.231,-5.879],[7.949,-1.505],[0,-1.893],[0,0],[0,0],[-1.842,3.92],[0,0],[-0.091,0.32],[0,0],[-1.312,0.143],[0,0],[0,2.663]],"o":[[0,0],[0,0],[0,0],[-3.219,-0.013],[1.543,0.445],[2.758,0.456],[0.262,0.544],[4.22,8.77],[-1.8,6.578],[-4.509,6.823],[2.512,2.46],[0,0],[2.672,-0.832],[0,0],[0,0],[0,-0.333],[0,0],[0.461,-1.62],[0,0],[0.417,-2.636],[0,-6.601]],"v":[[20.738,-29.06],[18.009,-33.892],[13.519,-39.1],[13.273,-39.358],[4.052,-39.634],[8.15,-38.644],[11.984,-27.441],[12.765,-25.784],[10.731,6.483],[-1.376,24.084],[-21.24,32.05],[-15.927,39.634],[-3.518,39.634],[9.968,26.757],[13.251,20.399],[13.251,10.398],[13.388,9.413],[15.49,2.023],[18.499,-0.573],[20.533,-2.264],[21.215,-10.239]]},"ix":2}},{"ty":"fl","bm":0,"cl":"","ln":"","hd":false,"mn":"ADBE Vector Graphic - Fill","nm":"Fill 1","c":{"a":0,"k":[0.9647,0.7804,0.7059],"ix":4},"r":1,"o":{"a":0,"k":100,"ix":5}},{"ty":"tr","a":{"a":0,"k":[0,0],"ix":1},"s":{"a":0,"k":[100,100],"ix":3},"sk":{"a":0,"k":0,"ix":4},"p":{"a":0,"k":[89.815,79.306],"ix":2},"r":{"a":0,"k":0,"ix":6},"sa":{"a":0,"k":0,"ix":5},"o":{"a":0,"k":100,"ix":7}}]},{"ty":"gr","bm":0,"cl":"","ln":"","hd":false,"mn":"ADBE Vector Group","nm":"Group 18","ix":18,"cix":2,"np":2,"it":[{"ty":"sh","bm":0,"cl":"","ln":"","hd":false,"mn":"ADBE Vector Shape - Group","nm":"Path 1","ix":1,"d":1,"ks":{"a":0,"k":{"c":true,"i":[[0,0],[0,0],[2.672,-0.832],[0,0],[2.511,2.46],[-4.509,6.824],[-1.799,6.578],[4.219,8.769],[0.262,0.544],[2.758,0.456],[1.543,0.445],[6.421,2.795],[6.535,-11.797],[0,0],[2.106,0.347],[0.225,0],[-1.403,-5.662],[-2.543,-2.224],[-0.212,-0.477],[0,0],[0,-0.504],[0,0],[0,0],[1.241,-1.554],[0.232,-0.176],[0,0],[0,0]],"o":[[-1.842,3.92],[0,0],[0,0],[0,-1.893],[7.948,-1.505],[4.231,-5.878],[3.033,-9.523],[-0.276,-0.531],[-1.869,-2.26],[-1.132,-0.173],[-10.355,-0.649],[-6.789,-2.954],[0,0],[-0.131,2.129],[-0.201,-0.034],[-1.672,0],[0.345,1.389],[0.392,0.344],[0,0],[0.205,0.46],[0,0],[0,0],[1.555,1.24],[-0.189,0.238],[0,0],[0,0],[0,0]],"v":[[29.842,6.011],[26.56,12.369],[13.073,25.246],[0.664,25.246],[-4.648,17.662],[15.215,9.695],[27.322,-7.905],[29.357,-40.172],[28.575,-41.829],[24.741,-53.032],[20.644,-54.022],[-4.522,-59.187],[-24.508,-45.896],[-25.248,-33.905],[-29.427,-30.574],[-30.067,-30.625],[-32.173,-19.293],[-27.896,-13.79],[-26.978,-12.544],[-17.46,8.851],[-17.148,10.314],[-17.148,39.378],[-7.991,46.681],[-7.421,51.74],[-8.091,52.303],[8.902,62.141],[29.842,43.465]]},"ix":2}},{"ty":"fl","bm":0,"cl":"","ln":"","hd":false,"mn":"ADBE Vector Graphic - Fill","nm":"Fill 1","c":{"a":0,"k":[0.9961,0.8549,0.7765],"ix":4},"r":1,"o":{"a":0,"k":100,"ix":5}},{"ty":"tr","a":{"a":0,"k":[0,0],"ix":1},"s":{"a":0,"k":[100,100],"ix":3},"sk":{"a":0,"k":0,"ix":4},"p":{"a":0,"k":[73.223,93.694],"ix":2},"r":{"a":0,"k":0,"ix":6},"sa":{"a":0,"k":0,"ix":5},"o":{"a":0,"k":100,"ix":7}}]},{"ty":"gr","bm":0,"cl":"","ln":"","hd":false,"mn":"ADBE Vector Group","nm":"Group 19","ix":19,"cix":2,"np":2,"it":[{"ty":"sh","bm":0,"cl":"","ln":"","hd":false,"mn":"ADBE Vector Shape - Group","nm":"Path 1","ix":1,"d":1,"ks":{"a":0,"k":{"c":true,"i":[[0,-6.601],[0.417,-2.636],[0,0],[0.577,5.496],[0,0]],"o":[[0,2.663],[0,0],[-0.055,-4.097],[0,0],[0.502,5.858]],"v":[[-1.336,5.423],[-2.018,13.398],[2.018,10.044],[0.732,-8.892],[-1.813,-13.398]]},"ix":2}},{"ty":"fl","bm":0,"cl":"","ln":"","hd":false,"mn":"ADBE Vector Graphic - Fill","nm":"Fill 1","c":{"a":0,"k":[0.9961,0.8549,0.7765],"ix":4},"r":1,"o":{"a":0,"k":100,"ix":5}},{"ty":"tr","a":{"a":0,"k":[0,0],"ix":1},"s":{"a":0,"k":[100,100],"ix":3},"sk":{"a":0,"k":0,"ix":4},"p":{"a":0,"k":[112.365,63.643],"ix":2},"r":{"a":0,"k":0,"ix":6},"sa":{"a":0,"k":0,"ix":5},"o":{"a":0,"k":100,"ix":7}}]},{"ty":"gr","bm":0,"cl":"","ln":"","hd":false,"mn":"ADBE Vector Group","nm":"Group 20","ix":20,"cix":2,"np":2,"it":[{"ty":"sh","bm":0,"cl":"","ln":"","hd":false,"mn":"ADBE Vector Shape - Group","nm":"Path 1","ix":1,"d":1,"ks":{"a":0,"k":{"c":true,"i":[[0,0],[0,0],[0,0],[0,0]],"o":[[0,0],[0,0],[0,0],[0,0]],"v":[[34.034,-103.461],[-36.706,103.461],[24.229,94.567],[36.706,-9.606]]},"ix":2}},{"ty":"fl","bm":0,"cl":"","ln":"","hd":false,"mn":"ADBE Vector Graphic - Fill","nm":"Fill 1","c":{"a":0,"k":[1,1,1],"ix":4},"r":1,"o":{"a":0,"k":100,"ix":5}},{"ty":"tr","a":{"a":0,"k":[0,0],"ix":1},"s":{"a":0,"k":[100,100],"ix":3},"sk":{"a":0,"k":0,"ix":4},"p":{"a":0,"k":[115.577,248.613],"ix":2},"r":{"a":0,"k":0,"ix":6},"sa":{"a":0,"k":0,"ix":5},"o":{"a":0,"k":100,"ix":7}}]},{"ty":"gr","bm":0,"cl":"","ln":"","hd":false,"mn":"ADBE Vector Group","nm":"Group 21","ix":21,"cix":2,"np":2,"it":[{"ty":"sh","bm":0,"cl":"","ln":"","hd":false,"mn":"ADBE Vector Shape - Group","nm":"Path 1","ix":1,"d":1,"ks":{"a":0,"k":{"c":true,"i":[[0,0],[0,0],[0,0],[0,0],[0,0],[0,0],[0,0]],"o":[[0,0],[0,0],[0,0],[0,0],[0,0],[0,0],[0,0]],"v":[[-55.347,114.03],[-74.767,-4.919],[-65.233,-98.031],[6.767,-114.031],[70.767,-98.031],[74.767,-2.031],[62.767,97.969]]},"ix":2}},{"ty":"fl","bm":0,"cl":"","ln":"","hd":false,"mn":"ADBE Vector Graphic - Fill","nm":"Fill 1","c":{"a":0,"k":[1,1,1],"ix":4},"r":1,"o":{"a":0,"k":100,"ix":5}},{"ty":"tr","a":{"a":0,"k":[0,0],"ix":1},"s":{"a":0,"k":[100,100],"ix":3},"sk":{"a":0,"k":0,"ix":4},"p":{"a":0,"k":[77.516,245.038],"ix":2},"r":{"a":0,"k":0,"ix":6},"sa":{"a":0,"k":0,"ix":5},"o":{"a":0,"k":100,"ix":7}}]}],"ind":3,"parent":1},{"ty":4,"nm":"arm L Outlines","mn":"","sr":1,"st":0,"op":421,"ip":0,"hd":false,"cl":"","ln":"","ddd":0,"bm":0,"hasMask":false,"ao":0,"ks":{"a":{"a":0,"k":[85.25,5.877,0],"ix":1},"s":{"a":0,"k":[100,100,100],"ix":6},"sk":{"a":0,"k":0},"p":{"a":1,"k":[{"o":{"x":0.4,"y":0},"i":{"x":0.25,"y":1},"s":[10.283,147.677,0],"t":7,"ti":[0,0,0],"to":[0,-1.875,0]},{"o":{"x":0.51,"y":0},"i":{"x":0.47,"y":1},"s":[10.283,136.427,0],"t":46,"ti":[0,-1.875,0],"to":[0,0,0]},{"o":{"x":0.167,"y":0.167},"i":{"x":0.833,"y":0.833},"s":[10.283,147.677,0],"t":96}],"ix":2},"r":{"a":1,"k":[{"o":{"x":0.4,"y":0},"i":{"x":0.25,"y":1},"s":[-11],"t":7},{"o":{"x":0.511,"y":0},"i":{"x":0.47,"y":1},"s":[8],"t":46},{"o":{"x":0.167,"y":0.167},"i":{"x":0.833,"y":0.833},"s":[0],"t":96}],"ix":10},"sa":{"a":0,"k":0},"o":{"a":0,"k":100,"ix":11}},"ef":[],"shapes":[{"ty":"gr","bm":0,"cl":"","ln":"","hd":false,"mn":"ADBE Vector Group","nm":"Group 1","ix":1,"cix":2,"np":2,"it":[{"ty":"sh","bm":0,"cl":"","ln":"","hd":false,"mn":"ADBE Vector Shape - Group","nm":"Path 1","ix":1,"d":1,"ks":{"a":0,"k":{"c":true,"i":[[2,2],[2.856,-2.149],[0,0],[5.566,1.151],[0,-2],[0,0],[-32.726,26.528],[-3,2]],"o":[[-2,-2],[0,0],[-34.596,28.357],[-1.566,-0.151],[0,3],[10.041,-0.417],[0,0],[3,-2]],"v":[[38,-26.148],[30.855,-25.296],[26.131,-21.423],[-37.434,21.003],[-40,24.852],[-37.148,28.148],[25.967,-12.001],[35,-19.148]]},"ix":2}},{"ty":"fl","bm":0,"cl":"","ln":"","hd":false,"mn":"ADBE Vector Graphic - Fill","nm":"Fill 1","c":{"a":0,"k":[0,0,0],"ix":4},"r":1,"o":{"a":0,"k":100,"ix":5}},{"ty":"tr","a":{"a":0,"k":[0,0],"ix":1},"s":{"a":0,"k":[100,100],"ix":3},"sk":{"a":0,"k":0,"ix":4},"p":{"a":0,"k":[49.25,117.356],"ix":2},"r":{"a":0,"k":0,"ix":6},"sa":{"a":0,"k":0,"ix":5},"o":{"a":0,"k":100,"ix":7}}]},{"ty":"gr","bm":0,"cl":"","ln":"","hd":false,"mn":"ADBE Vector Group","nm":"Group 2","ix":2,"cix":2,"np":2,"it":[{"ty":"sh","bm":0,"cl":"","ln":"","hd":false,"mn":"ADBE Vector Shape - Group","nm":"Path 1","ix":1,"d":1,"ks":{"a":1,"k":[{"o":{"x":0.4,"y":0},"i":{"x":0.25,"y":1},"s":[{"c":true,"i":[[-1.904,4.361],[0,0],[1.518,1.286],[1.285,-1.517],[3,-3]],"o":[[3.142,-7.197],[1.285,-1.518],[-1.518,-1.284],[0,0],[-3,3]],"v":[[-19.493,31.466],[15.359,-12.572],[14.937,-17.648],[9.863,-17.225],[-25.061,24.909]]}],"t":7},{"o":{"x":0.167,"y":0.167},"i":{"x":0.833,"y":0.833},"s":[{"c":true,"i":[[-3.296,3.433],[0,0],[1.518,1.286],[1.285,-1.517],[3,-3]],"o":[[3.296,-3.434],[1.285,-1.518],[-1.518,-1.284],[0,0],[-3,3]],"v":[[-8.939,15.498],[15.359,-12.572],[14.937,-17.648],[9.863,-17.225],[-13.644,10.064]]}],"t":55}],"ix":2}},{"ty":"fl","bm":0,"cl":"","ln":"","hd":false,"mn":"ADBE Vector Graphic - Fill","nm":"Fill 1","c":{"a":0,"k":[0,0,0],"ix":4},"r":1,"o":{"a":0,"k":100,"ix":5}},{"ty":"tr","a":{"a":0,"k":[0,0],"ix":1},"s":{"a":0,"k":[100,100],"ix":3},"sk":{"a":0,"k":0,"ix":4},"p":{"a":0,"k":[21.894,81.143],"ix":2},"r":{"a":0,"k":0,"ix":6},"sa":{"a":0,"k":0,"ix":5},"o":{"a":0,"k":100,"ix":7}}]},{"ty":"gr","bm":0,"cl":"","ln":"","hd":false,"mn":"ADBE Vector Group","nm":"Group 3","ix":3,"cix":2,"np":2,"it":[{"ty":"sh","bm":0,"cl":"","ln":"","hd":false,"mn":"ADBE Vector Shape - Group","nm":"Path 1","ix":1,"d":1,"ks":{"a":0,"k":{"c":true,"i":[[2.296,-2.479],[0,0],[-1.517,-1.284],[-1.285,1.518],[-4.707,4.944],[0,0]],"o":[[-2.296,2.479],[-1.285,1.517],[1.518,1.285],[0,0],[4.707,-4.943],[0,0]],"v":[[2.239,-8.967],[-9.658,5.088],[-9.236,10.161],[-4.161,9.739],[6.235,-2.545],[7.942,-9.488]]},"ix":2}},{"ty":"fl","bm":0,"cl":"","ln":"","hd":false,"mn":"ADBE Vector Graphic - Fill","nm":"Fill 1","c":{"a":0,"k":[0,0,0],"ix":4},"r":1,"o":{"a":0,"k":100,"ix":5}},{"ty":"tr","a":{"a":0,"k":[0,0],"ix":1},"s":{"a":0,"k":[100,100],"ix":3},"sk":{"a":0,"k":0,"ix":4},"p":{"a":0,"k":[81.307,11.696],"ix":2},"r":{"a":0,"k":0,"ix":6},"sa":{"a":0,"k":0,"ix":5},"o":{"a":0,"k":100,"ix":7}}]},{"ty":"gr","bm":0,"cl":"","ln":"","hd":false,"mn":"ADBE Vector Group","nm":"Group 4","ix":4,"cix":2,"np":2,"it":[{"ty":"sh","bm":0,"cl":"","ln":"","hd":false,"mn":"ADBE Vector Shape - Group","nm":"Path 1","ix":1,"d":1,"ks":{"a":0,"k":{"c":true,"i":[[0,0],[0,0],[0,0]],"o":[[0,0],[0,0],[0,0]],"v":[[35.5,-45],[-35.5,45],[34.65,-13.215]]},"ix":2}},{"ty":"fl","bm":0,"cl":"","ln":"","hd":false,"mn":"ADBE Vector Graphic - Fill","nm":"Fill 1","c":{"a":0,"k":[0.8667,0.8667,0.8667],"ix":4},"r":1,"o":{"a":0,"k":100,"ix":5}},{"ty":"tr","a":{"a":0,"k":[0,0],"ix":1},"s":{"a":0,"k":[100,100],"ix":3},"sk":{"a":0,"k":0,"ix":4},"p":{"a":0,"k":[50.75,48.208],"ix":2},"r":{"a":0,"k":0,"ix":6},"sa":{"a":0,"k":0,"ix":5},"o":{"a":0,"k":100,"ix":7}}]},{"ty":"gr","bm":0,"cl":"","ln":"","hd":false,"mn":"ADBE Vector Group","nm":"Group 5","ix":5,"cix":2,"np":2,"it":[{"ty":"sh","bm":0,"cl":"","ln":"","hd":false,"mn":"ADBE Vector Shape - Group","nm":"Path 1","ix":1,"d":1,"ks":{"a":0,"k":{"c":true,"i":[[5.893,26.52],[0,0],[0,0],[-2,-29],[0,0],[0,0]],"o":[[-2,-9],[0,0],[0,0],[2,29],[0,0],[0,0]],"v":[[-48.5,44.391],[-39.5,25.391],[35.29,-70.911],[48.5,-25.61],[36.5,17.391],[-30.5,65.391]]},"ix":2}},{"ty":"fl","bm":0,"cl":"","ln":"","hd":false,"mn":"ADBE Vector Graphic - Fill","nm":"Fill 1","c":{"a":0,"k":[1,1,1],"ix":4},"r":1,"o":{"a":0,"k":100,"ix":5}},{"ty":"tr","a":{"a":0,"k":[0,0],"ix":1},"s":{"a":0,"k":[100,100],"ix":3},"sk":{"a":0,"k":0,"ix":4},"p":{"a":0,"k":[50.75,73.817],"ix":2},"r":{"a":0,"k":0,"ix":6},"sa":{"a":0,"k":0,"ix":5},"o":{"a":0,"k":100,"ix":7}}]}],"ind":4,"parent":2},{"ty":4,"nm":"forearm L Outlines","mn":"","sr":1,"st":0,"op":421,"ip":0,"hd":false,"cl":"","ln":"","ddd":0,"bm":0,"hasMask":false,"ao":0,"ks":{"a":{"a":0,"k":[70.608,102.145,0],"ix":1},"s":{"a":0,"k":[100,100,100],"ix":6},"sk":{"a":0,"k":0},"p":{"a":0,"k":[12.892,141.312,0],"ix":2},"r":{"a":1,"k":[{"o":{"x":0.4,"y":0},"i":{"x":0.25,"y":1},"s":[-49],"t":7},{"o":{"x":0.167,"y":0.167},"i":{"x":0.833,"y":0.833},"s":[0],"t":55}],"ix":10},"sa":{"a":0,"k":0},"o":{"a":0,"k":100,"ix":11}},"ef":[],"shapes":[{"ty":"gr","bm":0,"cl":"","ln":"","hd":false,"mn":"ADBE Vector Group","nm":"Group 1","ix":1,"cix":2,"np":2,"it":[{"ty":"sh","bm":0,"cl":"","ln":"","hd":false,"mn":"ADBE Vector Shape - Group","nm":"Path 1","ix":1,"d":1,"ks":{"a":0,"k":{"c":true,"i":[[0,0],[33.226,41.804],[0,0],[0,0],[4,-16]],"o":[[-6.411,-1.226],[0,0],[0,0],[0,0],[-4,16]],"v":[[19.861,39.111],[-40.859,-26.306],[-34.478,-47.02],[19.563,0.453],[36.859,31.02]]},"ix":2}},{"ty":"fl","bm":0,"cl":"","ln":"","hd":false,"mn":"ADBE Vector Graphic - Fill","nm":"Fill 1","c":{"a":0,"k":[1,1,1],"ix":4},"r":1,"o":{"a":0,"k":100,"ix":5}},{"ty":"tr","a":{"a":0,"k":[0,0],"ix":1},"s":{"a":0,"k":[100,100],"ix":3},"sk":{"a":0,"k":0,"ix":4},"p":{"a":0,"k":[49.107,60.02],"ix":2},"r":{"a":0,"k":0,"ix":6},"sa":{"a":0,"k":0,"ix":5},"o":{"a":0,"k":100,"ix":7}}]},{"ty":"gr","bm":0,"cl":"","ln":"","hd":false,"mn":"ADBE Vector Group","nm":"Group 2","ix":2,"cix":2,"np":2,"it":[{"ty":"sh","bm":0,"cl":"","ln":"","hd":false,"mn":"ADBE Vector Shape - Group","nm":"Path 1","ix":1,"d":1,"ks":{"a":1,"k":[{"o":{"x":0.4,"y":0},"i":{"x":0.25,"y":1},"s":[{"c":true,"i":[[6,5],[0,0],[0,0],[0,0],[-9.172,-1.754]],"o":[[-6,-5],[0,0],[0,0],[35.827,45.182],[0,0]],"v":[[45.626,13.143],[-28.585,-52.895],[-39.358,-17.926],[-38.18,-16.441],[30.358,52.895]]}],"t":7},{"o":{"x":0.167,"y":0.167},"i":{"x":0.833,"y":0.833},"s":[{"c":true,"i":[[6,5],[0,0],[0,0],[0,0],[-9.172,-1.754]],"o":[[-6,-5],[0,0],[0,0],[35.827,45.182],[0,0]],"v":[[33.358,1.895],[-28.585,-52.895],[-39.358,-17.926],[-38.18,-16.441],[30.358,52.895]]}],"t":55}],"ix":2}},{"ty":"fl","bm":0,"cl":"","ln":"","hd":false,"mn":"ADBE Vector Graphic - Fill","nm":"Fill 1","c":{"a":0,"k":[0,0,0],"ix":4},"r":1,"o":{"a":0,"k":100,"ix":5}},{"ty":"tr","a":{"a":0,"k":[0,0],"ix":1},"s":{"a":0,"k":[100,100],"ix":3},"sk":{"a":0,"k":0,"ix":4},"p":{"a":0,"k":[39.608,53.145],"ix":2},"r":{"a":0,"k":0,"ix":6},"sa":{"a":0,"k":0,"ix":5},"o":{"a":0,"k":100,"ix":7}}]},{"ty":"gr","bm":0,"cl":"","ln":"","hd":false,"mn":"ADBE Vector Group","nm":"Group 3","ix":3,"cix":2,"np":2,"it":[{"ty":"sh","bm":0,"cl":"","ln":"","hd":false,"mn":"ADBE Vector Shape - Group","nm":"Path 1","ix":1,"d":1,"ks":{"a":0,"k":{"c":false,"i":[[0,0],[0,0],[-1,-9],[0,0]],"o":[[0,0],[-4.517,9.582],[0,0],[0,0]],"v":[[31.405,1.589],[-23.266,-47.093],[-30.596,-20.411],[31.596,47.093]]},"ix":2}},{"ty":"fl","bm":0,"cl":"","ln":"","hd":false,"mn":"ADBE Vector Graphic - Fill","nm":"Fill 1","c":{"a":0,"k":[1,1,1],"ix":4},"r":1,"o":{"a":0,"k":100,"ix":5}},{"ty":"tr","a":{"a":0,"k":[0,0],"ix":1},"s":{"a":0,"k":[100,100],"ix":3},"sk":{"a":0,"k":0,"ix":4},"p":{"a":0,"k":[36.562,54.451],"ix":2},"r":{"a":0,"k":0,"ix":6},"sa":{"a":0,"k":0,"ix":5},"o":{"a":0,"k":100,"ix":7}}]}],"ind":5,"parent":4},{"ty":4,"nm":"hand L Outlines","mn":"","sr":1,"st":0,"op":421,"ip":0,"hd":false,"cl":"","ln":"","ddd":0,"bm":0,"hasMask":false,"ao":0,"ks":{"a":{"a":0,"k":[65.12,10.773,0],"ix":1},"s":{"a":0,"k":[100,100,100],"ix":6},"sk":{"a":0,"k":0},"p":{"a":0,"k":[6.894,17.737,0],"ix":2},"r":{"a":1,"k":[{"o":{"x":0.4,"y":0},"i":{"x":0.25,"y":1},"s":[41],"t":7},{"o":{"x":0.167,"y":0.167},"i":{"x":0.833,"y":0.833},"s":[0],"t":55}],"ix":10},"sa":{"a":0,"k":0},"o":{"a":0,"k":100,"ix":11}},"ef":[],"shapes":[{"ty":"gr","bm":0,"cl":"","ln":"","hd":false,"mn":"ADBE Vector Group","nm":"Group 1","ix":1,"cix":2,"np":2,"it":[{"ty":"sh","bm":0,"cl":"","ln":"","hd":false,"mn":"ADBE Vector Shape - Group","nm":"Path 1","ix":1,"d":1,"ks":{"a":0,"k":{"c":true,"i":[[4.577,0],[0,0],[-4.795,0],[0,0],[0,0],[0,0]],"o":[[0,0],[-9.589,-5.049],[0,0],[0,0],[0,0],[4.577,13.921]],"v":[[29.935,10.441],[-22.525,10.441],[-29.717,2.869],[-6.181,2.869],[-11.587,-10.441],[29.935,-10.441]]},"ix":2}},{"ty":"fl","bm":0,"cl":"","ln":"","hd":false,"mn":"ADBE Vector Graphic - Fill","nm":"Fill 1","c":{"a":0,"k":[0.9647,0.7804,0.7059],"ix":4},"r":1,"o":{"a":0,"k":100,"ix":5}},{"ty":"tr","a":{"a":0,"k":[0,0],"ix":1},"s":{"a":0,"k":[100,100],"ix":3},"sk":{"a":0,"k":0,"ix":4},"p":{"a":0,"k":[34.762,10.691],"ix":2},"r":{"a":0,"k":0,"ix":6},"sa":{"a":0,"k":0,"ix":5},"o":{"a":0,"k":100,"ix":7}}]}],"ind":6,"parent":5},{"ty":4,"nm":"arm R Outlines","mn":"","sr":1,"st":0,"op":421,"ip":0,"hd":false,"cl":"","ln":"","ddd":0,"bm":0,"hasMask":false,"ao":0,"ks":{"a":{"a":0,"k":[39.993,6.171,0],"ix":1},"s":{"a":0,"k":[100,100,100],"ix":6},"sk":{"a":0,"k":0},"p":{"a":1,"k":[{"o":{"x":0.4,"y":0},"i":{"x":0.25,"y":1},"s":[151.541,150.499,0],"t":7,"ti":[0,0,0],"to":[0,-1.875,0]},{"o":{"x":0.51,"y":0},"i":{"x":0.47,"y":1},"s":[151.541,139.249,0],"t":46,"ti":[0,-1.875,0],"to":[0,0,0]},{"o":{"x":0.167,"y":0.167},"i":{"x":0.833,"y":0.833},"s":[151.541,150.499,0],"t":96}],"ix":2},"r":{"a":1,"k":[{"o":{"x":0.4,"y":0},"i":{"x":0.25,"y":1},"s":[11],"t":7},{"o":{"x":0.424,"y":0},"i":{"x":0.419,"y":1},"s":[-8],"t":46},{"o":{"x":0.167,"y":0.167},"i":{"x":0.833,"y":0.833},"s":[0],"t":96}],"ix":10},"sa":{"a":0,"k":0},"o":{"a":0,"k":100,"ix":11}},"ef":[],"shapes":[{"ty":"gr","bm":0,"cl":"","ln":"","hd":false,"mn":"ADBE Vector Group","nm":"Group 1","ix":1,"cix":2,"np":2,"it":[{"ty":"sh","bm":0,"cl":"","ln":"","hd":false,"mn":"ADBE Vector Shape - Group","nm":"Path 1","ix":1,"d":1,"ks":{"a":1,"k":[{"o":{"x":0.4,"y":0},"i":{"x":0.25,"y":1},"s":[{"c":true,"i":[[3.785,1.071],[9.57,6.237],[19.391,14.831],[0,0],[-3.469,-2.296],[0,0],[-5.421,1.206],[0,0]],"o":[[-3.786,-1.071],[-10.937,-7.127],[0,0],[-3.297,2.536],[0,0],[36.205,27.502],[3.422,-0.206],[0,0]],"v":[[33.571,18.952],[16.015,9.474],[-29.49,-23.471],[-34.488,-27.293],[-34.139,-17.434],[-28.865,-13.941],[34.363,26.087],[37.785,22.881]]}],"t":7},{"o":{"x":0.51,"y":0},"i":{"x":0.47,"y":1},"s":[{"c":true,"i":[[3.785,1.071],[9.57,6.237],[19.391,14.831],[0,0],[-3.469,-2.296],[0,0],[-5.421,1.206],[0,0]],"o":[[-3.786,-1.071],[-10.937,-7.127],[0,0],[-3.297,2.536],[0,0],[36.205,27.502],[3.422,-0.206],[0,0]],"v":[[33.571,18.952],[16.015,9.474],[-29.49,-23.471],[-43.199,-33.566],[-42.85,-23.708],[-28.865,-13.941],[34.363,26.087],[37.785,22.881]]}],"t":46},{"o":{"x":0.167,"y":0.167},"i":{"x":0.833,"y":0.833},"s":[{"c":true,"i":[[3.785,1.071],[9.57,6.237],[19.391,14.831],[0,0],[-3.469,-2.296],[0,0],[-5.421,1.206],[0,0]],"o":[[-3.786,-1.071],[-10.937,-7.127],[0,0],[-3.297,2.536],[0,0],[36.205,27.502],[3.422,-0.206],[0,0]],"v":[[33.571,18.952],[16.015,9.474],[-29.49,-23.471],[-34.488,-27.293],[-34.139,-17.434],[-28.865,-13.941],[34.363,26.087],[37.785,22.881]]}],"t":96}],"ix":2}},{"ty":"fl","bm":0,"cl":"","ln":"","hd":false,"mn":"ADBE Vector Graphic - Fill","nm":"Fill 1","c":{"a":0,"k":[0,0,0],"ix":4},"r":1,"o":{"a":0,"k":100,"ix":5}},{"ty":"tr","a":{"a":0,"k":[0,0],"ix":1},"s":{"a":0,"k":[100,100],"ix":3},"sk":{"a":0,"k":0,"ix":4},"p":{"a":0,"k":[73.951,116.799],"ix":2},"r":{"a":0,"k":0,"ix":6},"sa":{"a":0,"k":0,"ix":5},"o":{"a":0,"k":100,"ix":7}}]},{"ty":"gr","bm":0,"cl":"","ln":"","hd":false,"mn":"ADBE Vector Group","nm":"Group 2","ix":2,"cix":2,"np":2,"it":[{"ty":"sh","bm":0,"cl":"","ln":"","hd":false,"mn":"ADBE Vector Shape - Group","nm":"Path 1","ix":1,"d":1,"ks":{"a":1,"k":[{"o":{"x":0.4,"y":0},"i":{"x":0.25,"y":1},"s":[{"c":true,"i":[[0,0],[0,0],[0,0],[0,0],[0,0]],"o":[[0,0],[0,0],[0,0],[0,0],[0,0]],"v":[[47.851,49.828],[47.878,49.767],[-32.337,-47.953],[-36.503,-41.628],[46.074,57.305]]}],"t":7},{"o":{"x":0.167,"y":0.167},"i":{"x":0.833,"y":0.833},"s":[{"c":true,"i":[[0,0],[0,0],[0,0],[0,0],[0,0]],"o":[[0,0],[0,0],[0,0],[0,0],[0,0]],"v":[[36.476,38.477],[36.503,38.416],[-32.337,-47.953],[-36.503,-41.628],[34.897,47.953]]}],"t":55}],"ix":2}},{"ty":"fl","bm":0,"cl":"","ln":"","hd":false,"mn":"ADBE Vector Graphic - Fill","nm":"Fill 1","c":{"a":0,"k":[0,0,0],"ix":4},"r":1,"o":{"a":0,"k":100,"ix":5}},{"ty":"tr","a":{"a":0,"k":[0,0],"ix":1},"s":{"a":0,"k":[100,100],"ix":3},"sk":{"a":0,"k":0,"ix":4},"p":{"a":0,"k":[72.259,48.203],"ix":2},"r":{"a":0,"k":0,"ix":6},"sa":{"a":0,"k":0,"ix":5},"o":{"a":0,"k":100,"ix":7}}]},{"ty":"gr","bm":0,"cl":"","ln":"","hd":false,"mn":"ADBE Vector Group","nm":"Group 3","ix":3,"cix":2,"np":2,"it":[{"ty":"sh","bm":0,"cl":"","ln":"","hd":false,"mn":"ADBE Vector Shape - Group","nm":"Path 1","ix":1,"d":1,"ks":{"a":0,"k":{"c":true,"i":[[0,0],[-6.038,2.131],[14,12],[0,0],[0,0],[0,0],[-11.303,-15.392],[0,0]],"o":[[0,0],[17,-6],[-7.593,-6.508],[0,0],[0,0],[-17.28,8.131],[0,0],[0,0]],"v":[[33.243,61.434],[45.243,63.434],[44.243,23.434],[39.243,13.434],[-21.757,-65.566],[-39.404,-57.26],[-50.939,-11.855],[-25.757,22.434]]},"ix":2}},{"ty":"fl","bm":0,"cl":"","ln":"","hd":false,"mn":"ADBE Vector Graphic - Fill","nm":"Fill 1","c":{"a":0,"k":[1,1,1],"ix":4},"r":1,"o":{"a":0,"k":100,"ix":5}},{"ty":"tr","a":{"a":0,"k":[0,0],"ix":1},"s":{"a":0,"k":[100,100],"ix":3},"sk":{"a":0,"k":0,"ix":4},"p":{"a":0,"k":[62.492,72.246],"ix":2},"r":{"a":0,"k":0,"ix":6},"sa":{"a":0,"k":0,"ix":5},"o":{"a":0,"k":100,"ix":7}}]}],"ind":7,"parent":2},{"ty":4,"nm":"forearm R Outlines","mn":"","sr":1,"st":0,"op":421,"ip":0,"hd":false,"cl":"","ln":"","ddd":0,"bm":0,"hasMask":false,"ao":0,"ks":{"a":{"a":0,"k":[28.988,94.935,0],"ix":1},"s":{"a":0,"k":[100,100,100],"ix":6},"sk":{"a":0,"k":0},"p":{"a":0,"k":[108.473,138.156,0],"ix":2},"r":{"a":1,"k":[{"o":{"x":0.4,"y":0},"i":{"x":0.25,"y":1},"s":[50],"t":7},{"o":{"x":0.167,"y":0.167},"i":{"x":0.833,"y":0.833},"s":[0],"t":55}],"ix":10},"sa":{"a":0,"k":0},"o":{"a":0,"k":100,"ix":11}},"ef":[],"shapes":[{"ty":"gr","bm":0,"cl":"","ln":"","hd":false,"mn":"ADBE Vector Group","nm":"Group 1","ix":1,"cix":2,"np":2,"it":[{"ty":"sh","bm":0,"cl":"","ln":"","hd":false,"mn":"ADBE Vector Shape - Group","nm":"Path 1","ix":1,"d":1,"ks":{"a":0,"k":{"c":true,"i":[[0,0],[0,0],[0,0],[10.155,-11.14],[1.434,-0.28],[8,11]],"o":[[0,0],[0,0],[-17.702,21.687],[-9.574,10.502],[-1.205,0.235],[-8,-11]],"v":[[-32.637,10.349],[43.637,-40.349],[43.637,-27.505],[1.846,21.74],[-14.637,37.349],[-35.637,29.349]]},"ix":2}},{"ty":"fl","bm":0,"cl":"","ln":"","hd":false,"mn":"ADBE Vector Graphic - Fill","nm":"Fill 1","c":{"a":0,"k":[1,1,1],"ix":4},"r":1,"o":{"a":0,"k":100,"ix":5}},{"ty":"tr","a":{"a":0,"k":[0,0],"ix":1},"s":{"a":0,"k":[100,100],"ix":3},"sk":{"a":0,"k":0,"ix":4},"p":{"a":0,"k":[43.887,54.109],"ix":2},"r":{"a":0,"k":0,"ix":6},"sa":{"a":0,"k":0,"ix":5},"o":{"a":0,"k":100,"ix":7}}]},{"ty":"gr","bm":0,"cl":"","ln":"","hd":false,"mn":"ADBE Vector Group","nm":"Group 2","ix":2,"cix":2,"np":2,"it":[{"ty":"sh","bm":0,"cl":"","ln":"","hd":false,"mn":"ADBE Vector Shape - Group","nm":"Path 1","ix":1,"d":1,"ks":{"a":0,"k":{"c":true,"i":[[0,0],[-37.683,46.207],[0,0],[0,0],[0,0]],"o":[[6.561,-1.282],[0,0],[0,0],[0,0],[0,0]],"v":[[-20.344,49.685],[43.928,-19.774],[44.738,-20.767],[44.738,-49.685],[-44.738,10.524]]},"ix":2}},{"ty":"fl","bm":0,"cl":"","ln":"","hd":false,"mn":"ADBE Vector Graphic - Fill","nm":"Fill 1","c":{"a":0,"k":[0,0,0],"ix":4},"r":1,"o":{"a":0,"k":100,"ix":5}},{"ty":"tr","a":{"a":0,"k":[0,0],"ix":1},"s":{"a":0,"k":[100,100],"ix":3},"sk":{"a":0,"k":0,"ix":4},"p":{"a":0,"k":[49.988,49.935],"ix":2},"r":{"a":0,"k":0,"ix":6},"sa":{"a":0,"k":0,"ix":5},"o":{"a":0,"k":100,"ix":7}}]}],"ind":8,"parent":7},{"ty":4,"nm":"hand R Outlines","mn":"","sr":1,"st":0,"op":421,"ip":0,"hd":false,"cl":"","ln":"","ddd":0,"bm":0,"hasMask":false,"ao":0,"ks":{"a":{"a":0,"k":[3.998,11.941,0],"ix":1},"s":{"a":0,"k":[100,100,100],"ix":6},"sk":{"a":0,"k":0},"p":{"a":0,"k":[92.25,19.008,0],"ix":2},"r":{"a":1,"k":[{"o":{"x":0.4,"y":0},"i":{"x":0.25,"y":1},"s":[-47],"t":7},{"o":{"x":0.167,"y":0.167},"i":{"x":0.833,"y":0.833},"s":[0],"t":55}],"ix":10},"sa":{"a":0,"k":0},"o":{"a":0,"k":100,"ix":11}},"ef":[],"shapes":[{"ty":"gr","bm":0,"cl":"","ln":"","hd":false,"mn":"ADBE Vector Group","nm":"Group 1","ix":1,"cix":2,"np":2,"it":[{"ty":"sh","bm":0,"cl":"","ln":"","hd":false,"mn":"ADBE Vector Shape - Group","nm":"Path 1","ix":1,"d":1,"ks":{"a":0,"k":{"c":true,"i":[[-4.211,0],[0,0],[4.41,0],[0,0],[0,0],[0,0]],"o":[[0,0],[8.821,-5.048],[0,0],[0,0],[0,0],[-4.211,13.921]],"v":[[-27.537,10.441],[20.723,10.441],[27.339,2.869],[5.687,2.869],[10.66,-10.441],[-27.537,-10.441]]},"ix":2}},{"ty":"fl","bm":0,"cl":"","ln":"","hd":false,"mn":"ADBE Vector Graphic - Fill","nm":"Fill 1","c":{"a":0,"k":[0.9647,0.7804,0.7059],"ix":4},"r":1,"o":{"a":0,"k":100,"ix":5}},{"ty":"tr","a":{"a":0,"k":[0,0],"ix":1},"s":{"a":0,"k":[100,100],"ix":3},"sk":{"a":0,"k":0,"ix":4},"p":{"a":0,"k":[31.998,10.691],"ix":2},"r":{"a":0,"k":0,"ix":6},"sa":{"a":0,"k":0,"ix":5},"o":{"a":0,"k":100,"ix":7}}]}],"ind":9,"parent":8},{"ty":4,"nm":"questionmark 1 Outlines","mn":"","sr":1,"st":28,"op":449,"ip":50,"hd":false,"cl":"","ln":"","ddd":0,"bm":0,"hasMask":false,"ao":0,"ks":{"a":{"a":0,"k":[13.24,92.045,0],"ix":1},"s":{"a":1,"k":[{"o":{"x":0.737,"y":0},"i":{"x":0.67,"y":1},"s":[0,0,100],"t":50},{"o":{"x":0.273,"y":0},"i":{"x":0.607,"y":1},"s":[110,110,100],"t":74},{"o":{"x":0.222,"y":0},"i":{"x":0.427,"y":1},"s":[90,90,100],"t":96},{"o":{"x":0.167,"y":0.167},"i":{"x":0.833,"y":0.833},"s":[100,100,100],"t":133}],"ix":6},"sk":{"a":0,"k":0},"p":{"a":0,"k":[513.873,181.762,0],"ix":2},"r":{"a":0,"k":0,"ix":10},"sa":{"a":0,"k":0},"o":{"a":0,"k":100,"ix":11}},"ef":[],"shapes":[{"ty":"gr","bm":0,"cl":"","ln":"","hd":false,"mn":"ADBE Vector Group","nm":"Group 1","ix":1,"cix":2,"np":2,"it":[{"ty":"sh","bm":0,"cl":"","ln":"","hd":false,"mn":"ADBE Vector Shape - Group","nm":"Path 1","ix":1,"d":1,"ks":{"a":0,"k":{"c":true,"i":[[3.859,1.034],[2.513,-1.38],[0.954,-3.561],[-1.504,-2.48],[-3.765,-1.009],[-2.556,1.44],[-0.918,3.424],[1.451,2.49]],"o":[[-3.813,-1.022],[-2.514,1.379],[-0.942,3.515],[1.505,2.481],[3.765,1.009],[2.555,-1.441],[0.93,-3.471],[-1.452,-2.49]],"v":[[2.977,-11.08],[-6.512,-10.542],[-11.713,-3.133],[-10.87,5.859],[-2.964,11.093],[6.517,10.446],[11.725,3.148],[10.944,-5.794]]},"ix":2}},{"ty":"fl","bm":0,"cl":"","ln":"","hd":false,"mn":"ADBE Vector Graphic - Fill","nm":"Fill 1","c":{"a":0,"k":[0,0,0],"ix":4},"r":1,"o":{"a":0,"k":100,"ix":5}},{"ty":"tr","a":{"a":0,"k":[0,0],"ix":1},"s":{"a":0,"k":[100,100],"ix":3},"sk":{"a":0,"k":0,"ix":4},"p":{"a":0,"k":[12.905,91.739],"ix":2},"r":{"a":0,"k":0,"ix":6},"sa":{"a":0,"k":0,"ix":5},"o":{"a":0,"k":100,"ix":7}}]},{"ty":"gr","bm":0,"cl":"","ln":"","hd":false,"mn":"ADBE Vector Group","nm":"Group 2","ix":2,"cix":2,"np":2,"it":[{"ty":"sh","bm":0,"cl":"","ln":"","hd":false,"mn":"ADBE Vector Shape - Group","nm":"Path 1","ix":1,"d":1,"ks":{"a":0,"k":{"c":true,"i":[[3.469,5.227],[7.848,2.103],[8.725,-2.688],[0,0],[-5.137,-1.376],[-0.945,-2.179],[0.764,-2.848],[1.515,-1.755],[4.471,-2.607],[2.242,-2.758],[1.127,-4.207],[0,0],[0,0],[0,0],[-1.344,1.495],[-4.044,2.345],[-2.503,3.064],[-1.339,4.995]],"o":[[-3.468,-5.227],[-9.085,-2.434],[0,0],[6.565,-1.858],[3.092,0.829],[0.946,2.179],[-0.833,3.111],[-1.515,1.754],[-4.673,2.598],[-2.242,2.757],[0,0],[0,0],[0,0],[0.798,-2.98],[1.344,-1.495],[6.262,-3.582],[2.503,-3.063],[1.913,-7.143]],"v":[[20.77,-21.832],[3.795,-32.825],[-22.919,-32.445],[-19.734,-17.502],[-2.182,-18.224],[3.873,-13.713],[4.148,-6.172],[0.624,1.126],[-8.355,7.668],[-18.727,15.702],[-23.782,26.147],[-25.015,30.747],[-8.177,35.259],[-7.102,31.25],[-3.89,24.538],[4.192,18.777],[17.338,8.81],[23.101,-3.277]]},"ix":2}},{"ty":"fl","bm":0,"cl":"","ln":"","hd":false,"mn":"ADBE Vector Graphic - Fill","nm":"Fill 1","c":{"a":0,"k":[0,0,0],"ix":4},"r":1,"o":{"a":0,"k":100,"ix":5}},{"ty":"tr","a":{"a":0,"k":[0,0],"ix":1},"s":{"a":0,"k":[100,100],"ix":3},"sk":{"a":0,"k":0,"ix":4},"p":{"a":0,"k":[34.216,35.51],"ix":2},"r":{"a":0,"k":0,"ix":6},"sa":{"a":0,"k":0,"ix":5},"o":{"a":0,"k":100,"ix":7}}]}],"ind":10},{"ty":4,"nm":"questionmark 2 Outlines","mn":"","sr":1,"st":50,"op":471,"ip":72,"hd":false,"cl":"","ln":"","ddd":0,"bm":0,"hasMask":false,"ao":0,"ks":{"a":{"a":0,"k":[35.415,61.891,0],"ix":1},"s":{"a":1,"k":[{"o":{"x":0.737,"y":0},"i":{"x":0.67,"y":1},"s":[0,0,100],"t":72},{"o":{"x":0.273,"y":0},"i":{"x":0.607,"y":1},"s":[110,110,100],"t":96},{"o":{"x":0.222,"y":0},"i":{"x":0.427,"y":1},"s":[90,90,100],"t":118},{"o":{"x":0.167,"y":0.167},"i":{"x":0.833,"y":0.833},"s":[100,100,100],"t":155}],"ix":6},"sk":{"a":0,"k":0},"p":{"a":0,"k":[192.747,232.512,0],"ix":2},"r":{"a":0,"k":0,"ix":10},"sa":{"a":0,"k":0},"o":{"a":0,"k":100,"ix":11}},"ef":[],"shapes":[{"ty":"gr","bm":0,"cl":"","ln":"","hd":false,"mn":"ADBE Vector Group","nm":"Group 1","ix":1,"cix":2,"np":2,"it":[{"ty":"sh","bm":0,"cl":"","ln":"","hd":false,"mn":"ADBE Vector Shape - Group","nm":"Path 1","ix":1,"d":1,"ks":{"a":0,"k":{"c":true,"i":[[0.872,2.396],[-0.808,1.773],[-2.446,0.891],[-1.754,-0.874],[-0.861,-2.364],[0.806,-1.825],[2.416,-0.879],[1.779,0.848]],"o":[[-0.883,-2.426],[0.808,-1.772],[2.475,-0.9],[1.755,0.875],[0.849,2.335],[-0.807,1.823],[-2.415,0.879],[-1.779,-0.848]],"v":[[-7.492,2.746],[-7.605,-3.551],[-2.725,-7.546],[3.62,-7.585],[7.542,-2.727],[7.607,3.512],[2.775,7.565],[-3.516,7.612]]},"ix":2}},{"ty":"fl","bm":0,"cl":"","ln":"","hd":false,"mn":"ADBE Vector Graphic - Fill","nm":"Fill 1","c":{"a":0,"k":[1,1,1],"ix":4},"r":1,"o":{"a":0,"k":100,"ix":5}},{"ty":"tr","a":{"a":0,"k":[0,0],"ix":1},"s":{"a":0,"k":[100,100],"ix":3},"sk":{"a":0,"k":0,"ix":4},"p":{"a":0,"k":[35.166,62.073],"ix":2},"r":{"a":0,"k":0,"ix":6},"sa":{"a":0,"k":0,"ix":5},"o":{"a":0,"k":100,"ix":7}}]},{"ty":"gr","bm":0,"cl":"","ln":"","hd":false,"mn":"ADBE Vector Group","nm":"Group 2","ix":2,"cix":2,"np":2,"it":[{"ty":"sh","bm":0,"cl":"","ln":"","hd":false,"mn":"ADBE Vector Shape - Group","nm":"Path 1","ix":1,"d":1,"ks":{"a":0,"k":{"c":true,"i":[[0,0],[0,0],[-0.063,2.441],[-1.33,3.257],[-0.084,1.587],[0.772,2.12],[1.3,0.914],[1.851,-0.674],[2.552,-3.533],[0,0],[-5.439,1.98],[-3.714,-1.742],[-1.772,-4.867],[0.076,-2.716],[1.745,-4.422],[0.097,-1.371],[-0.739,-2.031],[0,0]],"o":[[0,0],[-1.044,-2.867],[0.063,-2.441],[1.227,-3.186],[0.084,-1.586],[-0.706,-1.941],[-1.299,-0.913],[-3.075,1.119],[0,0],[3.308,-4.823],[4.698,-1.71],[3.714,1.743],[1.239,3.405],[-0.076,2.716],[-1.114,2.875],[-0.098,1.371],[0,0],[0,0]],"v":[[5.147,24.717],[4.006,21.583],[2.535,13.621],[4.624,5.074],[6.59,-2.084],[5.558,-7.643],[2.548,-11.925],[-2.178,-12.284],[-10.618,-5.306],[-17.894,-12.803],[-4.774,-23.007],[7.844,-22.958],[16.073,-13.043],[17.818,-3.862],[15.088,6.845],[13.271,13.214],[14.233,18.317],[15.227,21.049]]},"ix":2}},{"ty":"fl","bm":0,"cl":"","ln":"","hd":false,"mn":"ADBE Vector Graphic - Fill","nm":"Fill 1","c":{"a":0,"k":[1,1,1],"ix":4},"r":1,"o":{"a":0,"k":100,"ix":5}},{"ty":"tr","a":{"a":0,"k":[0,0],"ix":1},"s":{"a":0,"k":[100,100],"ix":3},"sk":{"a":0,"k":0,"ix":4},"p":{"a":0,"k":[18.144,24.967],"ix":2},"r":{"a":0,"k":0,"ix":6},"sa":{"a":0,"k":0,"ix":5},"o":{"a":0,"k":100,"ix":7}}]}],"ind":11},{"ty":4,"nm":"questionmark 3 Outlines","mn":"","sr":1,"st":72,"op":493,"ip":94,"hd":false,"cl":"","ln":"","ddd":0,"bm":0,"hasMask":false,"ao":0,"ks":{"a":{"a":0,"k":[11.602,81.508,0],"ix":1},"s":{"a":1,"k":[{"o":{"x":0.737,"y":0},"i":{"x":0.67,"y":1},"s":[0,0,100],"t":94},{"o":{"x":0.273,"y":0},"i":{"x":0.607,"y":1},"s":[110,110,100],"t":118},{"o":{"x":0.222,"y":0},"i":{"x":0.427,"y":1},"s":[90,90,100],"t":140},{"o":{"x":0.167,"y":0.167},"i":{"x":0.833,"y":0.833},"s":[100,100,100],"t":177}],"ix":6},"sk":{"a":0,"k":0},"p":{"a":0,"k":[484.124,539.42,0],"ix":2},"r":{"a":0,"k":0,"ix":10},"sa":{"a":0,"k":0},"o":{"a":0,"k":100,"ix":11}},"ef":[],"shapes":[{"ty":"gr","bm":0,"cl":"","ln":"","hd":false,"mn":"ADBE Vector Group","nm":"Group 1","ix":1,"cix":2,"np":3,"it":[{"ty":"sh","bm":0,"cl":"","ln":"","hd":false,"mn":"ADBE Vector Shape - Group","nm":"Path 1","ix":1,"d":1,"ks":{"a":0,"k":{"c":true,"i":[[0,0],[0,0],[-1.929,2.454],[-3.99,2.337],[-1.303,1.562],[-0.737,2.752],[0.782,1.912],[2.616,0.701],[5.589,-1.702],[0,0],[-7.686,-2.059],[-2.893,-4.578],[1.693,-6.318],[2.155,-2.725],[5.349,-3.22],[1.156,-1.331],[0.706,-2.636],[0,0]],"o":[[0,0],[0.997,-3.721],[1.93,-2.453],[3.821,-2.341],[1.303,-1.562],[0.676,-2.519],[-0.782,-1.913],[-4.347,-1.165],[0,0],[7.43,-2.454],[6.642,1.78],[2.893,4.576],[-1.184,4.419],[-2.153,2.726],[-3.455,2.108],[-1.154,1.332],[0,0],[0,0]],"v":[[-17.506,12.652],[-16.415,8.582],[-12.025,-0.68],[-3.144,-7.866],[4.54,-13.722],[7.6,-20.193],[7.441,-26.841],[2.345,-30.762],[-12.559,-29.957],[-15.118,-43.107],[7.557,-43.699],[21.859,-34.164],[23.659,-17.822],[18.652,-7.105],[7.398,1.813],[0.483,6.971],[-2.308,12.923],[-3.258,16.47]]},"ix":2}},{"ty":"sh","bm":0,"cl":"","ln":"","hd":false,"mn":"ADBE Vector Shape - Group","nm":"Path 2","ix":2,"d":1,"ks":{"a":0,"k":{"c":true,"i":[[-0.833,3.109],[-2.148,1.241],[-3.226,-0.865],[-1.208,-2.182],[0.823,-3.071],[2.183,-1.295],[3.187,0.853],[1.254,2.173]],"o":[[0.844,-3.149],[2.146,-1.24],[3.266,0.875],[1.208,2.182],[-0.811,3.029],[-2.182,1.295],[-3.185,-0.854],[-1.253,-2.173]],"v":[[-24.519,32.441],[-20.032,25.855],[-11.974,25.291],[-5.263,29.877],[-4.685,37.756],[-9.177,44.243],[-17.23,44.905],[-23.889,40.365]]},"ix":2}},{"ty":"fl","bm":0,"cl":"","ln":"","hd":false,"mn":"ADBE Vector Graphic - Fill","nm":"Fill 1","c":{"a":0,"k":[0.4314,0.3608,0.2392],"ix":4},"r":1,"o":{"a":0,"k":100,"ix":5}},{"ty":"tr","a":{"a":0,"k":[0,0],"ix":1},"s":{"a":0,"k":[100,100],"ix":3},"sk":{"a":0,"k":0,"ix":4},"p":{"a":0,"k":[25.602,46.008],"ix":2},"r":{"a":0,"k":0,"ix":6},"sa":{"a":0,"k":0,"ix":5},"o":{"a":0,"k":100,"ix":7}}]}],"ind":12},{"ty":4,"nm":"BG Outlines","mn":"","sr":1,"st":0,"op":421,"ip":0,"hd":false,"cl":"","ln":"","ddd":0,"bm":0,"hasMask":false,"ao":0,"ks":{"a":{"a":0,"k":[258.236,225.38,0],"ix":1},"s":{"a":0,"k":[100,100,100],"ix":6},"sk":{"a":0,"k":0},"p":{"a":0,"k":[338.384,328.546,0],"ix":2},"r":{"a":0,"k":0,"ix":10},"sa":{"a":0,"k":0},"o":{"a":0,"k":100,"ix":11}},"ef":[],"shapes":[{"ty":"gr","bm":0,"cl":"","ln":"","hd":false,"mn":"ADBE Vector Group","nm":"Group 1","ix":1,"cix":2,"np":2,"it":[{"ty":"sh","bm":0,"cl":"","ln":"","hd":false,"mn":"ADBE Vector Shape - Group","nm":"Path 1","ix":1,"d":1,"ks":{"a":0,"k":{"c":true,"i":[[-170.908,-22.08],[-35.257,32.377],[94.738,25.663],[191.786,0],[0,-91.542]],"o":[[170.908,22.081],[68.277,-62.7],[-97.724,-6.971],[-120.166,0],[0,91.543]],"v":[[-52.058,203.049],[189.709,164.333],[163.248,-70.759],[-62.338,-225.13],[-257.986,-59.379]]},"ix":2}},{"ty":"fl","bm":0,"cl":"","ln":"","hd":false,"mn":"ADBE Vector Graphic - Fill","nm":"Fill 1","c":{"a":0,"k":[0.7843,0.6784,0.498],"ix":4},"r":1,"o":{"a":0,"k":100,"ix":5}},{"ty":"tr","a":{"a":0,"k":[0,0],"ix":1},"s":{"a":0,"k":[100,100],"ix":3},"sk":{"a":0,"k":0,"ix":4},"p":{"a":0,"k":[258.236,225.38],"ix":2},"r":{"a":0,"k":0,"ix":6},"sa":{"a":0,"k":0,"ix":5},"o":{"a":0,"k":100,"ix":7}}]}],"ind":13}],"ddd":0,"h":640,"w":640,"meta":{"a":"","k":"","d":"","g":"@lottiefiles/toolkit-js 0.22.1","tc":"#000000"},"v":"5.4.4","fr":60,"op":181,"ip":0,"assets":[]}